0.4286704, 0.642939, 0.3451142, 0.5326982,0.4000333, 0.7202958, 0.3669511, 0.4318497,0.36975, 0.6936835, 0.4150691, 0.4580456,0.3389411, 0.6649945, 0.4596318, 0.4812897,-0.02662508, 0.6725526, 0.05981451, 0.7371474,-0.03602213, 0.6795628, 0.06769504, 0.7295986,-0.09745955, 0.6714267, 0.1247973, 0.7239568,-0.1711696, 0.6550938, 0.1929776, 0.7101498,-0.07599937, 0.6161165, -0.005150232, 0.783963,-0.08667379, 0.5941813, 0.004796581, 0.7996332,-0.1631665, 0.5909664, 0.06191204, 0.7875927,-0.2407687, 0.5818663, 0.1204412, 0.7674347,-0.08842419, 0.5527989, -0.03652443, 0.8278047,-0.1285997, 0.5323082, -0.009353513, 0.8366735,-0.2178054, 0.5302286, 0.04792937, 0.8179983,-0.2864138, 0.5242512, 0.09273767, 0.7965724,-0.1020771, 0.4901022, -0.1194659, 0.8573844,-0.1865195, 0.4711995, -0.07264423, 0.8590136,-0.3335164, 0.476647, 0.01067165, 0.8133023,-0.4389698, 0.4709691, 0.07412376, 0.7615768,
0.4286658, 0.6429394, 0.3451446, 0.5326817,0.4000642, 0.720367, 0.3668984, 0.4317473,0.3697136, 0.6936909, 0.4151335, 0.4580053,0.338892, 0.6649829, 0.459718, 0.481258,-0.02662445, 0.6725478, 0.05984903, 0.7371491,-0.03539854, 0.6795409, 0.06715572, 0.7296994,-0.09686799, 0.6714468, 0.1242778, 0.7241069,-0.1707219, 0.655133, 0.1925785, 0.7103297,-0.07599595, 0.6161118, -0.005116071, 0.7839673,-0.0865826, 0.5941204, 0.00477004, 0.7996885,-0.1633928, 0.5908838, 0.06211366, 0.7875919,-0.2411581, 0.5817381, 0.1207581, 0.7673598,-0.08841801, 0.5527943, -0.03649073, 0.8278098,-0.1288556, 0.53229, -0.009152896, 0.8366479,-0.2184991, 0.5301628, 0.04841338, 0.8178274,-0.2872395, 0.5241271, 0.09331245, 0.7962895,-0.1020684, 0.4900993, -0.1194331, 0.8573917,-0.1865023, 0.4711649, -0.07261851, 0.8590385,-0.3339947, 0.4766017, 0.01097864, 0.8131284,-0.4396491, 0.470861, 0.07456328, 0.7612088,
0.4288787, 0.6428859, 0.3452803, 0.5324869,0.4002521, 0.7203808, 0.3670252, 0.4314421,0.3698263, 0.6936094, 0.4154058, 0.4577909,0.3390011, 0.664867, 0.4600084, 0.4810637,-0.02638099, 0.6726127, 0.06004056, 0.737083,-0.03428348, 0.6796268, 0.06654272, 0.7297288,-0.09559382, 0.6716123, 0.1235207, 0.7242523,-0.1695591, 0.6553512, 0.1919252, 0.7105837,-0.07574675, 0.6162027, -0.004937042, 0.7839211,-0.08613776, 0.5941187, 0.004808614, 0.7997376,-0.1632046, 0.5908586, 0.06233933, 0.787632,-0.2411609, 0.5816612, 0.1211211, 0.76736,-0.08816035, 0.5528999, -0.03633036, 0.8277739,-0.1288075, 0.5323364, -0.00885686, 0.836629,-0.2188746, 0.5301515, 0.04898848, 0.8177001,-0.2877179, 0.5240534, 0.09396023, 0.7960891,-0.1018123, 0.4902335, -0.1192907, 0.8573652,-0.1863563, 0.4712514, -0.07241232, 0.8590401,-0.3344215, 0.4766429, 0.01153106, 0.8129212,-0.4403371, 0.470799, 0.07529734, 0.7607771,
0.4291767, 0.6427832, 0.3453113, 0.5323507,0.400823, 0.7202514, 0.3667305, 0.4313788,0.3703737, 0.6934763, 0.4151432, 0.4577881,0.3395706, 0.6647736, 0.4597058, 0.4810806,-0.02605694, 0.6726912, 0.06010013, 0.737018,-0.03348738, 0.6796368, 0.06617714, 0.7297896,-0.09443799, 0.6717156, 0.1228164, 0.7244279,-0.1683151, 0.6555566, 0.1911316, 0.7109039,-0.07542761, 0.616313, -0.004894855, 0.7838654,-0.08571944, 0.5941054, 0.004779915, 0.7997925,-0.1626612, 0.5908587, 0.06221015, 0.7877545,-0.2405973, 0.5816798, 0.120966, 0.7675473,-0.08784401, 0.5530264, -0.03631146, 0.8277238,-0.1286124, 0.5324088, -0.008760771, 0.836614,-0.2187109, 0.5302112, 0.04911253, 0.8176978,-0.2875014, 0.5241085, 0.09405389, 0.79612,-0.1015089, 0.4903885, -0.1192923, 0.8573123,-0.1859898, 0.4714348, -0.07243979, 0.8590166,-0.3339744, 0.4768294, 0.0114881, 0.8129962,-0.4397312, 0.4710067, 0.07517277, 0.7610113,
0.4294684, 0.6426539, 0.3452063, 0.5323396,0.4013533, 0.7200779, 0.3663866, 0.4314676,0.3709404, 0.6933664, 0.414722, 0.4578776,0.3401424, 0.6647032, 0.4592613, 0.4811983,-0.02575233, 0.6727526, 0.05997724, 0.7369827,-0.03317431, 0.6797162, 0.06604998, 0.7297416,-0.09388231, 0.6718459, 0.122474, 0.7244373,-0.1676835, 0.6557427, 0.1907308, 0.7109891,-0.07513867, 0.6164019, -0.005035143, 0.7838224,-0.08545483, 0.5941573, 0.004651035, 0.799783,-0.1622857, 0.5909316, 0.06200347, 0.7877936,-0.2401458, 0.5817858, 0.1207056, 0.7676493,-0.08757035, 0.5531269, -0.03647232, 0.8276786,-0.1283335, 0.5324894, -0.008928282, 0.8366038,-0.2183823, 0.5303124, 0.04892214, 0.8177313,-0.2871568, 0.524228, 0.09385967, 0.7961887,-0.1012566, 0.4905069, -0.1194693, 0.8572497,-0.1857898, 0.4715931, -0.07258368, 0.8589609,-0.3337494, 0.4770108, 0.01136347, 0.812984,-0.439495, 0.4712043, 0.07506633, 0.761036,
0.4296215, 0.6425092, 0.3450684, 0.5324801,0.4018101, 0.719838, 0.3659506, 0.4318126,0.3715024, 0.6932741, 0.4140744, 0.4581479,0.3406581, 0.6646274, 0.4586468, 0.4815242,-0.02557852, 0.6727201, 0.05975584, 0.7370363,-0.03365457, 0.6796841, 0.06643561, 0.7297145,-0.09407334, 0.6718301, 0.122591, 0.7244074,-0.1676228, 0.6557814, 0.1906171, 0.7109982,-0.07497799, 0.6163797, -0.00527152, 0.7838537,-0.08539728, 0.594233, 0.004474482, 0.7997339,-0.1618535, 0.5910529, 0.06155733, 0.7878265,-0.2395164, 0.5819829, 0.1201203, 0.7677884,-0.08742658, 0.5531052, -0.03672066, 0.8276973,-0.1277014, 0.5325269, -0.009497275, 0.8366703,-0.2172544, 0.5304413, 0.04803196, 0.8180009,-0.2860172, 0.5244367, 0.09295814, 0.7965671,-0.1011264, 0.4904861, -0.1197257, 0.8572413,-0.1853048, 0.4718148, -0.07302631, 0.8589063,-0.3325058, 0.4773168, 0.01052261, 0.8133252,-0.4378521, 0.4716644, 0.07399155, 0.7618027,
0.4293169, 0.6424673, 0.3446462, 0.5330495,0.4016217, 0.7197899, 0.3654684, 0.4324759,0.3714471, 0.6934192, 0.4133212, 0.4586528,0.3407651, 0.6650071, 0.4576354, 0.4818864,-0.02592243, 0.6725359, 0.05912191, 0.7372436,-0.0348473, 0.6795316, 0.06658167, 0.7297872,-0.09521666, 0.6716747, 0.1226763, 0.7243876,-0.1686599, 0.6556445, 0.1905956, 0.710885,-0.0753464, 0.6161497, -0.005894849, 0.7839947,-0.08574739, 0.5940993, 0.003824556, 0.7997992,-0.1617109, 0.5910206, 0.06052453, 0.78796,-0.239151, 0.5820903, 0.1189099, 0.7680092,-0.08782967, 0.5528437, -0.03731655, 0.8278027,-0.127552, 0.5322185, -0.01045715, 0.8368779,-0.2164219, 0.5302787, 0.04658665, 0.8184105,-0.2849394, 0.52443, 0.09131797, 0.7971472,-0.1015385, 0.4901637, -0.1202915, 0.8572978,-0.1863871, 0.4718384, -0.07323213, 0.8586416,-0.3336335, 0.4773746, 0.01038772, 0.812831,-0.438774, 0.4717523, 0.07378498, 0.7612377,
0.4292336, 0.6424491, 0.3443266, 0.5333449,0.4015975, 0.719767, 0.3651439, 0.4328105,0.3715367, 0.693541, 0.4127899, 0.4588746,0.340879, 0.6652002, 0.4570594, 0.4820861,-0.02604853, 0.6724966, 0.05870349, 0.7373084,-0.03604957, 0.6794915, 0.06715885, 0.7297133,-0.09651222, 0.6715692, 0.1233442, 0.7242005,-0.169786, 0.6555099, 0.1911168, 0.710601,-0.07549667, 0.6160933, -0.00630746, 0.7840214,-0.08594109, 0.5942056, 0.003427961, 0.7997013,-0.1615448, 0.5911909, 0.05987759, 0.7879158,-0.2387855, 0.5823541, 0.1181346, 0.7680426,-0.08800765, 0.5527745, -0.03771677, 0.8278118,-0.1270565, 0.5322206, -0.01129124, 0.8369411,-0.2151924, 0.5304115, 0.04527582, 0.8187222,-0.2833652, 0.5247156, 0.08977603, 0.7976954,-0.1017341, 0.4900641, -0.1206764, 0.8572774,-0.1866307, 0.4720698, -0.07357568, 0.8584321,-0.3334601, 0.4776672, 0.009868538, 0.8127367,-0.4382918, 0.4721399, 0.07312459, 0.7613389,
0.4290484, 0.642619, 0.3443309, 0.5332865,0.4014774, 0.7198318, 0.3650697, 0.4328767,0.3714726, 0.6936648, 0.4126291, 0.4588839,0.3407418, 0.6652654, 0.4570073, 0.4821424,-0.02628439, 0.6725447, 0.05877618, 0.7372504,-0.03675316, 0.679513, 0.06766368, 0.7296114,-0.09730329, 0.671532, 0.1239403, 0.7240274,-0.1705491, 0.6554139, 0.1917003, 0.7103496,-0.07573054, 0.6161253, -0.006214369, 0.7839744,-0.08608752, 0.5943466, 0.00345763, 0.7995805,-0.161322, 0.5913556, 0.0596525, 0.7878549,-0.2384081, 0.5825632, 0.1178134, 0.7680506,-0.08823557, 0.5528025, -0.03760532, 0.8277739,-0.1266211, 0.5323157, -0.01159279, 0.8369424,-0.2140048, 0.5305794, 0.04449701, 0.8189673,-0.2818046, 0.5249928, 0.08875245, 0.7981803,-0.1019575, 0.4900803, -0.1205497, 0.8572595,-0.1865447, 0.4723243, -0.0735877, 0.8583098,-0.3328218, 0.4779262, 0.009588037, 0.8128495,-0.4373267, 0.472467, 0.0726655, 0.7617348,
0.4289809, 0.6427981, 0.3444449, 0.5330513,0.4015002, 0.7199216, 0.3650437, 0.432728,0.3715107, 0.693761, 0.4126013, 0.4587327,0.3406346, 0.6652161, 0.4571998, 0.4821037,-0.02639393, 0.6726619, 0.05902534, 0.7371196,-0.03701021, 0.6796392, 0.06804748, 0.7294453,-0.09774679, 0.6715911, 0.12452, 0.7238133,-0.1710892, 0.655381, 0.1923942, 0.7100624,-0.07583307, 0.6162427, -0.005948654, 0.7838743,-0.08600858, 0.5945314, 0.003594195, 0.7994511,-0.1610839, 0.5915378, 0.0596953, 0.7877636,-0.238181, 0.5827374, 0.1178883, 0.7679774,-0.08832364, 0.5529267, -0.03733079, 0.8276941,-0.1260548, 0.5324864, -0.01172149, 0.8369176,-0.2128648, 0.5307935, 0.04401492, 0.8191516,-0.2804166, 0.5252761, 0.08811407, 0.7985533,-0.1020414, 0.4902124, -0.1202698, 0.8572133,-0.186251, 0.4725831, -0.07348172, 0.8582402,-0.3322458, 0.4781659, 0.00957579, 0.8129442,-0.4366975, 0.4727131, 0.07264106, 0.7619455,
0.4290839, 0.6428505, 0.3445826, 0.5328163,0.4016011, 0.7199709, 0.3651495, 0.4324631,0.3716534, 0.6938248, 0.4126734, 0.4584556,0.3406913, 0.6651765, 0.4574194, 0.48191,-0.02629248, 0.6727601, 0.05926307, 0.7370145,-0.03691427, 0.6797299, 0.06829192, 0.7293427,-0.09779684, 0.6716346, 0.1249142, 0.7236983,-0.1712588, 0.6553483, 0.1929124, 0.7099111,-0.07572489, 0.6163574, -0.005710826, 0.7837963,-0.08564439, 0.5946888, 0.003642417, 0.7993729,-0.1605937, 0.5916991, 0.05966789, 0.7877446,-0.2377524, 0.5828912, 0.1179233, 0.7679881,-0.08820344, 0.5530539, -0.03710049, 0.8276322,-0.1252561, 0.5326445, -0.01191632, 0.8369342,-0.2115655, 0.5309981, 0.04350927, 0.8193827,-0.2789536, 0.5255427, 0.08750389, 0.7989573,-0.1019204, 0.4903615, -0.1200483, 0.8571734,-0.1857444, 0.4728712, -0.07344465, 0.8581945,-0.3314717, 0.4784463, 0.009505005, 0.8130961,-0.4358622, 0.4730088, 0.07255332, 0.7622486,
0.4293147, 0.6426696, 0.3450359, 0.532555,0.4018755, 0.7197698, 0.365494, 0.4322518,0.3719971, 0.6936513, 0.4129193, 0.458218,0.341059, 0.6649958, 0.4576406, 0.481689,-0.02593205, 0.6726904, 0.05973593, 0.7370527,-0.0367234, 0.6796681, 0.06891783, 0.7293511,-0.0977008, 0.6715043, 0.1256195, 0.7237101,-0.1712251, 0.6551301, 0.1936566, 0.709918,-0.07532814, 0.6163187, -0.005268372, 0.7838681,-0.08533439, 0.5946556, 0.004145132, 0.7994283,-0.1602964, 0.5916181, 0.06016981, 0.7878278,-0.2373644, 0.5827765, 0.1183386, 0.7681313,-0.08777282, 0.5530305, -0.03669122, 0.8277119,-0.1246031, 0.53258, -0.01165668, 0.8370763,-0.2105089, 0.5309295, 0.04348755, 0.8197004,-0.2776444, 0.525507, 0.0872907, 0.79946,-0.1014622, 0.4903842, -0.1196734, 0.8572672,-0.1855511, 0.4730532, -0.07292495, 0.8581803,-0.3316473, 0.4785311, 0.0102652, 0.8129653,-0.4362269, 0.4729725, 0.07344714, 0.7619768,
0.4293224, 0.6427145, 0.3450338, 0.5324961,0.4020065, 0.7198129, 0.3653234, 0.4322024,0.3721513, 0.6937239, 0.4127214, 0.4581611,0.3411877, 0.6650537, 0.457488, 0.481663,-0.02594149, 0.6727369, 0.05977073, 0.7370072,-0.0369824, 0.6797068, 0.06918456, 0.7292767,-0.09811885, 0.6714916, 0.1260428, 0.7235917,-0.1716337, 0.6550728, 0.1940808, 0.7097564,-0.07533935, 0.6163674, -0.005229488, 0.783829,-0.08548563, 0.5947454, 0.004287275, 0.7993446,-0.1605716, 0.591684, 0.06041931, 0.7877032,-0.2375178, 0.5828341, 0.1185113, 0.7680136,-0.08778341, 0.553082, -0.03665084, 0.8276781,-0.1245245, 0.5326835, -0.01167012, 0.8370219,-0.2101744, 0.5310472, 0.04332248, 0.8197187,-0.2769969, 0.5256723, 0.0869284, 0.7996154,-0.1014758, 0.4904382, -0.1196319, 0.8572405,-0.185342, 0.473204, -0.07299041, 0.8581368,-0.3314126, 0.4786912, 0.01021442, 0.8129675,-0.4359728, 0.4731399, 0.07340446, 0.7620224,
0.4293817, 0.6427183, 0.3450605, 0.5324264,0.4020941, 0.7198015, 0.3653148, 0.4321471,0.3722962, 0.6937616, 0.4126306, 0.4580681,0.34142, 0.665175, 0.457287, 0.4815217,-0.02588237, 0.6727734, 0.0598256, 0.7369715,-0.03725899, 0.6797346, 0.06955136, 0.7292019,-0.09846754, 0.6714746, 0.1264843, 0.723483,-0.1719901, 0.6550051, 0.1945373, 0.7096076,-0.07528013, 0.6164114, -0.005176126, 0.7838004,-0.08554831, 0.5948201, 0.004429355, 0.7992815,-0.1606142, 0.5917461, 0.06055738, 0.7876373,-0.2374, 0.5829059, 0.1185382, 0.7679913,-0.08772244, 0.553131, -0.0366016, 0.8276541,-0.1245378, 0.5327551, -0.01157216, 0.8369757,-0.2099185, 0.5311223, 0.04325601, 0.8197391,-0.2764255, 0.5257872, 0.08665925, 0.7997668,-0.101417, 0.4904952, -0.1195867, 0.8572211,-0.1853521, 0.4733317, -0.07289747, 0.8580721,-0.3315043, 0.4787996, 0.01038286, 0.8128641,-0.4360714, 0.4732231, 0.07359902, 0.7618955,
0.4296547, 0.6426027, 0.3451374, 0.5322956,0.4024024, 0.7197022, 0.365351, 0.431995,0.3726116, 0.6936579, 0.4126637, 0.4579388,0.341817, 0.6651394, 0.4572113, 0.4813611,-0.02556944, 0.6728212, 0.0599209, 0.736931,-0.03695124, 0.6798409, 0.06964999, 0.7291089,-0.09834697, 0.6715384, 0.1267715, 0.72339,-0.1719737, 0.655008, 0.194934, 0.7095,-0.07496686, 0.616489, -0.005099593, 0.7837699,-0.08534329, 0.5948691, 0.004582576, 0.799266,-0.1606303, 0.5917633, 0.06088107, 0.7875961,-0.2373947, 0.5828938, 0.1188489, 0.7679541,-0.08740783, 0.553223, -0.03654853, 0.8276281,-0.1244584, 0.5327853, -0.01137103, 0.8369711,-0.2099269, 0.531127, 0.04351602, 0.8197202,-0.2763123, 0.5257835, 0.08683994, 0.7997887,-0.1011095, 0.4906158, -0.1195548, 0.8571929,-0.1853537, 0.4733458, -0.07270158, 0.8580806,-0.3320445, 0.4787725, 0.01089464, 0.8126528,-0.4369586, 0.4730915, 0.07433856, 0.761397,
0.4295879, 0.6425915, 0.3452073, 0.5323179,0.4024316, 0.7197046, 0.3652736, 0.4320292,0.3726469, 0.6936731, 0.4125738, 0.4579681,0.3419346, 0.6652405, 0.4570062, 0.4813327,-0.02561661, 0.6727651, 0.05997135, 0.7369764,-0.03703451, 0.6798402, 0.06972666, 0.729098,-0.09852654, 0.6715141, 0.1269384, 0.7233589,-0.1722006, 0.6549526, 0.1951449, 0.7094381,-0.07500527, 0.6164264, -0.005049815, 0.7838158,-0.08554342, 0.5947748, 0.004755541, 0.7993138,-0.1610115, 0.5916392, 0.06117769, 0.7875885,-0.2377263, 0.5827485, 0.1190961, 0.7679235,-0.08743951, 0.5531565, -0.03649694, 0.8276715,-0.1248131, 0.5326713, -0.01111546, 0.8369943,-0.2103904, 0.5309815, 0.04382872, 0.819679,-0.2767274, 0.5256177, 0.0871111, 0.7997248,-0.1011307, 0.4905464, -0.1195024, 0.8572374,-0.1855976, 0.4731794, -0.07254186, 0.8581331,-0.3327184, 0.4785749, 0.01127297, 0.8124884,-0.4378906, 0.4728174, 0.07486494, 0.7609802,
0.42924, 0.6428235, 0.345287, 0.5322667,0.4020539, 0.7199458, 0.365319, 0.4319405,0.3722818, 0.6939161, 0.4126264, 0.4578495,0.3416004, 0.6655007, 0.4570436, 0.4811748,-0.02601602, 0.6727684, 0.06012466, 0.7369471,-0.03730177, 0.6798739, 0.06974956, 0.7290508,-0.09893155, 0.6715207, 0.1270965, 0.7232696,-0.1726718, 0.6549217, 0.1953745, 0.709289,-0.07539221, 0.6163983, -0.004867614, 0.783802,-0.08593668, 0.5947645, 0.004955114, 0.7992781,-0.1615615, 0.5915974, 0.06149698, 0.7874824,-0.238288, 0.5826716, 0.1194286, 0.7677561,-0.08781068, 0.5531176, -0.03628574, 0.8276675,-0.1253408, 0.5326796, -0.01079411, 0.8369144,-0.211094, 0.5309465, 0.0442703, 0.8194969,-0.2774302, 0.5255449, 0.08755913, 0.7994801,-0.1014837, 0.4904864, -0.1192679, 0.8572627,-0.1858615, 0.4730196, -0.07235396, 0.85818,-0.333146, 0.4783825, 0.01152403, 0.812423,-0.4384594, 0.4725781, 0.07518364, 0.7607698,
0.4290173, 0.6429417, 0.3452919, 0.5323002,0.4019332, 0.7200227, 0.3651785, 0.4320437,0.3721873, 0.6940317, 0.4124415, 0.4579177,0.3415841, 0.6657065, 0.4567526, 0.481178,-0.02626836, 0.6727461, 0.06014522, 0.7369568,-0.03752122, 0.6799005, 0.06973212, 0.7290164,-0.09922684, 0.6715347, 0.1271552, 0.7232059,-0.1730079, 0.6549161, 0.1954795, 0.7091833,-0.07563967, 0.616354, -0.004830632, 0.7838132,-0.08625969, 0.5947579, 0.005052419, 0.7992476,-0.1619571, 0.5915755, 0.06165106, 0.7874055,-0.2387178, 0.5826278, 0.1196129, 0.7676271,-0.08805274, 0.553064, -0.03623032, 0.8276801,-0.1257851, 0.5326161, -0.01060529, 0.8368905,-0.2116435, 0.5308579, 0.0445229, 0.819399,-0.278038, 0.5254284, 0.08784839, 0.7993138,-0.1017161, 0.4904151, -0.1191968, 0.8572859,-0.1863097, 0.4729006, -0.07216746, 0.8581641,-0.3339042, 0.4782281, 0.01187506, 0.8121976,-0.4393711, 0.4723593, 0.0756292, 0.7603354,
0.4289519, 0.6428405, 0.3455357, 0.5323171,0.4019152, 0.7198617, 0.3653473, 0.4321858,0.3723236, 0.6940073, 0.4123512, 0.4579253,0.3419876, 0.6659423, 0.4562899, 0.481004,-0.02625212, 0.6725923, 0.06033115, 0.7370824,-0.03787054, 0.6798313, 0.07024289, 0.7290138,-0.09952293, 0.6714315, 0.1276103, 0.7231808,-0.1733411, 0.6547554, 0.1959596, 0.7091179,-0.07559704, 0.616195, -0.004656867, 0.7839434,-0.08640547, 0.5945745, 0.005366466, 0.7993663,-0.1619701, 0.5913744, 0.06183852, 0.7875392,-0.2386266, 0.5824275, 0.1196907, 0.7677953,-0.08798976, 0.5528998, -0.03606302, 0.8278037,-0.1260336, 0.5323258, -0.01024747, 0.8370423,-0.211745, 0.5305409, 0.04474426, 0.8195659,-0.2780513, 0.5251056, 0.0879764, 0.7995071,-0.1016251, 0.4902559, -0.1190379, 0.8574098,-0.1871567, 0.4728065, -0.07151388, 0.8580863,-0.3353263, 0.4780114, 0.01285633, 0.8117242,-0.4410068, 0.4719843, 0.07675266, 0.7595083,
0.4288565, 0.6428617, 0.3454216, 0.5324423,0.4019443, 0.71984, 0.3651061, 0.4323988,0.372352, 0.6940138, 0.4120885, 0.4581287,0.3420237, 0.6659855, 0.4559994, 0.481194,-0.02636923, 0.6725652, 0.06018054, 0.7371153,-0.03810897, 0.6798861, 0.07019714, 0.7289547,-0.09987636, 0.6714687, 0.1276816, 0.723085,-0.1737784, 0.6547585, 0.1961227, 0.7089628,-0.07572126, 0.6161549, -0.004801228, 0.783962,-0.08662252, 0.5945384, 0.005290776, 0.7993702,-0.162226, 0.5913425, 0.06178934, 0.7875143,-0.2389281, 0.5823929, 0.1196761, 0.7677301,-0.08812255, 0.552852, -0.0361978, 0.8278157,-0.1262653, 0.5322276, -0.01031928, 0.8370689,-0.21203, 0.5304479, 0.04469628, 0.819555,-0.278373, 0.5250126, 0.08794629, 0.7994596,-0.1017611, 0.4901916, -0.1191627, 0.857413,-0.1874982, 0.4726713, -0.07153596, 0.8580844,-0.3357819, 0.4778804, 0.01288133, 0.8116125,-0.4416469, 0.4718305, 0.07688642, 0.7592183,
0.4287847, 0.6430687, 0.3453006, 0.5323288,0.4019856, 0.7199575, 0.3648618, 0.4323711,0.3724355, 0.6941835, 0.4117913, 0.4580709,0.3421733, 0.6662333, 0.4556271, 0.4810973,-0.02653267, 0.6727256, 0.06017352, 0.7369637,-0.03823087, 0.6801192, 0.07014818, 0.7287355,-0.09995402, 0.6717095, 0.1276292, 0.7228598,-0.1738862, 0.6549886, 0.196145, 0.7087176,-0.07589868, 0.6163108, -0.004784907, 0.7838224,-0.08683016, 0.5946292, 0.005343192, 0.7992797,-0.1623615, 0.5914328, 0.06180312, 0.7874175,-0.2390426, 0.5824831, 0.1196905, 0.7676238,-0.08830572, 0.5530114, -0.03616527, 0.8276911,-0.1265431, 0.5322934, -0.01020887, 0.8369864,-0.2121665, 0.5305092, 0.04472791, 0.8194784,-0.2784669, 0.525075, 0.08795922, 0.7993845,-0.1019589, 0.4903442, -0.1191154, 0.8573089,-0.1877222, 0.4727278, -0.07145425, 0.8580111,-0.3358973, 0.477923, 0.01291744, 0.8115391,-0.4417413, 0.471869, 0.07692161, 0.759136,
0.4286779, 0.6432506, 0.3455665, 0.5320224,0.4017783, 0.7200701, 0.365195, 0.4320947,0.3722587, 0.6942844, 0.4121135, 0.4577719,0.3419988, 0.6662968, 0.4559791, 0.4807998,-0.02665452, 0.6728095, 0.06059061, 0.7368485,-0.03839851, 0.6803227, 0.07059376, 0.7284938,-0.1000808, 0.6718779, 0.128072, 0.7226074,-0.1739922, 0.6551088, 0.1966083, 0.708452,-0.07599902, 0.6163937, -0.004352584, 0.7837499,-0.08693808, 0.5947154, 0.005793847, 0.7992008,-0.1624905, 0.5914735, 0.06228182, 0.7873226,-0.2391957, 0.5824712, 0.1201966, 0.767506,-0.08837759, 0.5531015, -0.03572544, 0.8276423,-0.1265821, 0.5323227, -0.009775157, 0.8369671,-0.2121747, 0.5304951, 0.04514374, 0.8194625,-0.2785515, 0.5250184, 0.0884236, 0.799341,-0.1020126, 0.4904483, -0.1186734, 0.8573042,-0.1876789, 0.4727038, -0.07105441, 0.858067,-0.3357365, 0.4778311, 0.01323146, 0.8116547,-0.4416434, 0.4717311, 0.07724903, 0.7592453,
0.4287796, 0.6432067, 0.3454775, 0.5320512,0.40182, 0.7200333, 0.3652122, 0.4321027,0.3723356, 0.6942788, 0.412074, 0.4577535,0.3420922, 0.6663083, 0.4559179, 0.4807754,-0.02655756, 0.6728364, 0.06048688, 0.736836,-0.03867738, 0.6803964, 0.07083692, 0.7283865,-0.1004075, 0.6719205, 0.1283745, 0.7224688,-0.1742899, 0.6551237, 0.1969015, 0.7082837,-0.07591211, 0.6164292, -0.004461396, 0.7837299,-0.08699791, 0.5947473, 0.005790681, 0.7991705,-0.1626413, 0.5914981, 0.06235239, 0.7872674,-0.2393247, 0.5824912, 0.1202574, 0.7674411,-0.08830064, 0.55314, -0.03584006, 0.8276199,-0.1266965, 0.5323632, -0.00976944, 0.8369241,-0.2123693, 0.53053, 0.04520882, 0.8193859,-0.2787983, 0.5250413, 0.08853019, 0.7992281,-0.1019471, 0.4904897, -0.1187918, 0.857272,-0.1876431, 0.4726917, -0.07115939, 0.8580729,-0.3356799, 0.4778379, 0.01311278, 0.811676,-0.4416901, 0.4717436, 0.07719444, 0.7592159,
0.4286136, 0.6434297, 0.345131, 0.5321402,0.4015172, 0.7202368, 0.3650846, 0.4321529,0.3720886, 0.6945429, 0.4118713, 0.457736,0.341944, 0.6666771, 0.455598, 0.480673,-0.02685396, 0.6729749, 0.06019469, 0.7367226,-0.03915547, 0.6805616, 0.07071469, 0.7282185,-0.1008462, 0.6720996, 0.128245, 0.7222641,-0.1746965, 0.6553175, 0.1967831, 0.7080371,-0.07623912, 0.6165477, -0.004722585, 0.7836034,-0.0873107, 0.5948415, 0.005527948, 0.7990682,-0.1627905, 0.5916289, 0.06198521, 0.7871673,-0.2393911, 0.5826688, 0.1198501, 0.7673493,-0.08865196, 0.553252, -0.03607293, 0.8274972,-0.1270897, 0.5324857, -0.009961182, 0.8367843,-0.2126155, 0.5306789, 0.04494625, 0.8192402,-0.2789565, 0.5252194, 0.08823122, 0.7990889,-0.1023245, 0.4905711, -0.1189962, 0.857152,-0.188051, 0.4727829, -0.07132374, 0.8579196,-0.3357742, 0.4779612, 0.012802, 0.8115694,-0.4415612, 0.4719286, 0.07677365, 0.7592186,
0.4288172, 0.6433517, 0.3450164, 0.5321448,0.40158, 0.7201586, 0.3652003, 0.4321271,0.3721907, 0.6944912, 0.4119244, 0.4576837,0.3420852, 0.6666563, 0.4555976, 0.4806017,-0.02665291, 0.6730326, 0.06006953, 0.7366874,-0.03896158, 0.6806977, 0.07059488, 0.7281132,-0.1007052, 0.6722346, 0.1281941, 0.7221671,-0.1745986, 0.6554425, 0.1967949, 0.7079422,-0.07605296, 0.6166241, -0.004858037, 0.7835606,-0.08716542, 0.5948846, 0.005419119, 0.7990527,-0.1626877, 0.5916787, 0.06191352, 0.7871567,-0.2392132, 0.582737, 0.1197271, 0.7673721,-0.08847989, 0.5533363, -0.03622118, 0.8274528,-0.1271122, 0.532603, -0.009987829, 0.8367059,-0.2127265, 0.530793, 0.04499446, 0.8191347,-0.2789503, 0.5253412, 0.08821749, 0.7990125,-0.1021711, 0.4906656, -0.1191539, 0.8570943,-0.1878565, 0.4727937, -0.07150619, 0.8579411,-0.3355186, 0.4780048, 0.01258425, 0.8116528,-0.4412813, 0.4720048, 0.07654028, 0.7593575,
0.4288945, 0.6433126, 0.3448491, 0.5322382,0.4015775, 0.7201396, 0.3651754, 0.4321821,0.3721378, 0.6944317, 0.4119692, 0.4577765,0.3420117, 0.66658, 0.4556591, 0.4807014,-0.02659394, 0.6730561, 0.05986905, 0.7366844,-0.03883798, 0.6807072, 0.0703393, 0.7281358,-0.1007299, 0.6722398, 0.128076, 0.7221798,-0.1746265, 0.6554593, 0.1966799, 0.7079518,-0.07601007, 0.6166515, -0.005061216, 0.7835418,-0.0871492, 0.5949372, 0.005229564, 0.7990165,-0.1627917, 0.5917395, 0.06182273, 0.7870967,-0.239228, 0.5828193, 0.1195797, 0.767328,-0.08845352, 0.553364, -0.0364265, 0.8274282,-0.1272162, 0.53273, -0.01011351, 0.8366077,-0.2130392, 0.5309203, 0.04502471, 0.8189693,-0.2791371, 0.5254779, 0.08818483, 0.798861,-0.1021607, 0.4906887, -0.1193587, 0.8570539,-0.1874954, 0.4727856, -0.07190434, 0.8579913,-0.3349474, 0.4780701, 0.01205864, 0.8118582,-0.4405501, 0.4721593, 0.07590842, 0.7597494,
0.4291472, 0.6431116, 0.3449421, 0.5322171,0.4015983, 0.7200209, 0.3655616, 0.4320339,0.3721198, 0.6942441, 0.4124204, 0.4576695,0.3419531, 0.6663188, 0.4561631, 0.4806273,-0.02626667, 0.6730108, 0.05990988, 0.7367342,-0.03840517, 0.6806899, 0.0702819, 0.7281805,-0.1005657, 0.6721808, 0.1282624, 0.7222245,-0.1745612, 0.6553554, 0.1969455, 0.7079902,-0.07567786, 0.6166313, -0.005047028, 0.78359,-0.08681329, 0.5949584, 0.005228265, 0.7990373,-0.1627071, 0.5917411, 0.06200973, 0.7870982,-0.2391705, 0.5827985, 0.1197862, 0.7673296,-0.08812004, 0.5533527, -0.03643856, 0.8274708,-0.1269979, 0.5327712, -0.01006396, 0.8366152,-0.21319, 0.5309359, 0.0453163, 0.8189039,-0.2792974, 0.525468, 0.08848681, 0.7987781,-0.1018274, 0.4907012, -0.1193942, 0.8570814,-0.1871154, 0.4727743, -0.07197914, 0.8580742,-0.3348267, 0.4780686, 0.01212368, 0.8119079,-0.4405836, 0.4721344, 0.07606371, 0.7597299,
0.4288416, 0.6432827, 0.3445192, 0.5325307,0.4011418, 0.7201684, 0.3653997, 0.4323494,0.3717262, 0.6944764, 0.412143, 0.4578868,0.3416172, 0.6666356, 0.455803, 0.4807685,-0.02668891, 0.6730245, 0.05943958, 0.7367446,-0.03867161, 0.6806951, 0.06966894, 0.7282203,-0.1007016, 0.672262, 0.1275283, 0.7222601,-0.1745652, 0.6555492, 0.196099, 0.7080447,-0.07613084, 0.6166058, -0.005486575, 0.7835633,-0.08707438, 0.59499, 0.004646074, 0.798989,-0.1626427, 0.5918531, 0.06119284, 0.7870913,-0.2389657, 0.5830117, 0.1188779, 0.7673726,-0.08860352, 0.5533068, -0.03684156, 0.827432,-0.127223, 0.5328064, -0.0106267, 0.8365517,-0.2132528, 0.5310377, 0.04466014, 0.8188575,-0.2791811, 0.5256422, 0.08772588, 0.798788,-0.1023306, 0.490603, -0.1197601, 0.8570266,-0.1872111, 0.4727984, -0.07255445, 0.8579916,-0.3342617, 0.4782023, 0.01118183, 0.8120755,-0.439485, 0.4724485, 0.07479949, 0.7602963,
0.4285681, 0.6434339, 0.3442914, 0.5327154,0.4005957, 0.7202965, 0.3655542, 0.4325115,0.3712701, 0.6946837, 0.4121546, 0.4579318,0.3412017, 0.6668819, 0.455769, 0.4807541,-0.0270406, 0.6730225, 0.05919481, 0.7367533,-0.03917133, 0.6806899, 0.06956045, 0.728209,-0.1011364, 0.6722769, 0.1273619, 0.7222148,-0.1747274, 0.6556547, 0.1956891, 0.7080205,-0.07649694, 0.6165718, -0.005706551, 0.7835527,-0.08731695, 0.5950975, 0.004329683, 0.7988842,-0.1625935, 0.5920119, 0.06067694, 0.787022,-0.2386206, 0.5832649, 0.1181601, 0.7673985,-0.08898356, 0.5532573, -0.03703271, 0.8274158,-0.1272615, 0.5328908, -0.01103213, 0.8364868,-0.2130845, 0.5311745, 0.04413596, 0.818841,-0.2786658, 0.5258589, 0.08698661, 0.7989062,-0.1027167, 0.4905167, -0.1199236, 0.857007,-0.1870553, 0.4728778, -0.07299847, 0.8579441,-0.3334851, 0.478366, 0.01039633, 0.8123087,-0.4382475, 0.4727638, 0.07373279, 0.7609185,
0.4289486, 0.6431844, 0.3443171, 0.5326937,0.4006507, 0.7200889, 0.3660406, 0.4323947,0.3714583, 0.6945577, 0.4124359, 0.4577171,0.3414059, 0.6667408, 0.4560378, 0.4805499,-0.02658633, 0.6730135, 0.05916286, 0.7367806,-0.03900227, 0.680761, 0.06979142, 0.7281294,-0.1012121, 0.6722837, 0.1278317, 0.7221148,-0.1746101, 0.6556638, 0.1959882, 0.7079583,-0.07604668, 0.6165997, -0.005771666, 0.7835741,-0.08683074, 0.5953026, 0.004211753, 0.798785,-0.1620861, 0.5922283, 0.06056844, 0.7869722,-0.2379863, 0.58351, 0.1179786, 0.767437,-0.08854047, 0.5532992, -0.03713222, 0.8274308,-0.12644, 0.5330455, -0.01138662, 0.836508,-0.2122496, 0.5313661, 0.04378643, 0.8189523,-0.2776395, 0.5261002, 0.08652008, 0.7991552,-0.1022852, 0.4905892, -0.1200526, 0.856999,-0.1862916, 0.4730741, -0.07330947, 0.8579755,-0.3324177, 0.4786175, 0.00993529, 0.8126039,-0.4369675, 0.4730993, 0.07314689, 0.7615024,
0.429196, 0.6430989, 0.3443775, 0.5325587,0.4007906, 0.7199633, 0.366269, 0.432281,0.3716977, 0.6945007, 0.4125153, 0.4575377,0.3416478, 0.6666707, 0.4561252, 0.4803922,-0.02631146, 0.6730754, 0.05925291, 0.7367268,-0.03881474, 0.6810107, 0.06995093, 0.7278906,-0.1011835, 0.6724871, 0.1281785, 0.7218679,-0.1744998, 0.6558463, 0.1963016, 0.7077296,-0.07577287, 0.6166888, -0.005696683, 0.7835311,-0.08663213, 0.5954665, 0.004333118, 0.7986838,-0.1620161, 0.5923694, 0.06080816, 0.7868619,-0.2379426, 0.5836214, 0.1182588, 0.7673228,-0.08826591, 0.5534023, -0.03707745, 0.8273937,-0.126116, 0.5331445, -0.01136416, 0.8364942,-0.2120022, 0.5314581, 0.04386849, 0.8189523,-0.2773573, 0.5261892, 0.08658585, 0.7991875,-0.1020187, 0.4907182, -0.120016, 0.856962,-0.1860598, 0.4731844, -0.07324982, 0.8579701,-0.3323661, 0.4787135, 0.01011783, 0.8125662,-0.4370168, 0.4731602, 0.07340605, 0.7614114,
0.4294765, 0.6429338, 0.3442554, 0.5326108,0.401094, 0.7197465, 0.3662031, 0.4324163,0.3721443, 0.6944263, 0.4122036, 0.4575685,0.3421399, 0.6666623, 0.4557423, 0.480417,-0.02600728, 0.6730982, 0.05907826, 0.7367308,-0.03848928, 0.6812366, 0.06974625, 0.7277161,-0.1008901, 0.6727217, 0.1280367, 0.7217156,-0.1741244, 0.656113, 0.1961215, 0.7076248,-0.0754844, 0.6167363, -0.005891541, 0.7835201,-0.08654835, 0.5955562, 0.0042772, 0.7986263,-0.1620627, 0.5924535, 0.06086304, 0.7867848,-0.238007, 0.5836959, 0.118341, 0.7672335,-0.08799484, 0.5534585, -0.03729329, 0.8273753,-0.1260295, 0.5332034, -0.01146956, 0.8364683,-0.2118866, 0.531529, 0.04375232, 0.8189424,-0.277141, 0.52628, 0.08640973, 0.7992218,-0.1017677, 0.4907886, -0.120248, 0.8569191,-0.1857715, 0.4731978, -0.07351018, 0.858003,-0.3319279, 0.4787739, 0.009769485, 0.812714,-0.4364902, 0.4732769, 0.0729993, 0.76168,
0.4296086, 0.642851, 0.344136, 0.5326813,0.4012741, 0.7196473, 0.3660724, 0.432525,0.3724565, 0.6944613, 0.4118551, 0.4575751,0.3425334, 0.6667977, 0.4552824, 0.4803849,-0.02587259, 0.6731095, 0.05891945, 0.7367379,-0.03836259, 0.6813402, 0.06959121, 0.7276406,-0.1007207, 0.6728447, 0.127857, 0.7216564,-0.1739018, 0.656267, 0.1959106, 0.7075951,-0.07536231, 0.6167577, -0.006059284, 0.7835137,-0.08654478, 0.5955955, 0.004190514, 0.7985978,-0.1620826, 0.5924989, 0.06080019, 0.7867513,-0.2380413, 0.5837444, 0.1182964, 0.7671928,-0.08788652, 0.5534825, -0.03746956, 0.8273627,-0.1260069, 0.5332363, -0.01159526, 0.836449,-0.2118, 0.5315781, 0.04359034, 0.8189417,-0.2770108, 0.5263467, 0.0862234, 0.7992432,-0.1016733, 0.4908151, -0.1204298, 0.8568896,-0.1856677, 0.4732056, -0.07370104, 0.8580047,-0.3316196, 0.4788172, 0.009461298, 0.812818,-0.4360456, 0.4733751, 0.07260462, 0.7619113,
0.4298689, 0.6426613, 0.3439936, 0.5327922,0.4014983, 0.7194612, 0.3660486, 0.4326466,0.3727675, 0.6943628, 0.411675, 0.4576334,0.342958, 0.6668226, 0.4549327, 0.4803788,-0.02558197, 0.6730992, 0.05869513, 0.7367754,-0.03822898, 0.6813974, 0.0695132, 0.7276015,-0.1005155, 0.6729206, 0.1277201, 0.7216384,-0.1737318, 0.6563466, 0.1958156, 0.7075893,-0.0750877, 0.6167685, -0.006305278, 0.7835296,-0.08644129, 0.5955941, 0.004060877, 0.7986107,-0.1619945, 0.5925087, 0.06068129, 0.7867712,-0.2379464, 0.5837672, 0.1181721, 0.767224,-0.08763135, 0.553499, -0.03773582, 0.8273667,-0.1260105, 0.5332019, -0.01170559, 0.8364688,-0.2116907, 0.5315614, 0.04340244, 0.8189906,-0.2768118, 0.5263554, 0.0859729, 0.7993334,-0.1014372, 0.4908413, -0.1207111, 0.856863,-0.1858579, 0.4731496, -0.0737652, 0.8579889,-0.3320144, 0.4787707, 0.009512229, 0.8126836,-0.4365847, 0.4733065, 0.07275185, 0.7616311,
0.4300091, 0.6425502, 0.3437303, 0.5329829,0.4017872, 0.7193803, 0.3656591, 0.4328423,0.3730171, 0.6942838, 0.4113206, 0.4578685,0.3431627, 0.6667383, 0.4546149, 0.4806503,-0.02545363, 0.673101, 0.05834826, 0.7368057,-0.03837472, 0.6814099, 0.06942596, 0.7275906,-0.1007938, 0.6729168, 0.1277592, 0.7215963,-0.174099, 0.6563125, 0.195942, 0.7074957,-0.07498387, 0.6167775, -0.006661433, 0.7835296,-0.08664399, 0.5955764, 0.003925746, 0.7986026,-0.1624727, 0.5924826, 0.06075381, 0.7866867,-0.2384172, 0.5837337, 0.1182441, 0.7670923,-0.08755469, 0.553507, -0.03809856, 0.8273528,-0.1263926, 0.5332076, -0.01178218, 0.8364065,-0.212225, 0.5315664, 0.04343118, 0.8188476,-0.2773144, 0.52636, 0.08598972, 0.7991543,-0.1013844, 0.490842, -0.1210756, 0.8568174,-0.1861093, 0.4730608, -0.07397664, 0.8579652,-0.3326917, 0.4787149, 0.009544184, 0.8124391,-0.4376025, 0.4732106, 0.07301164, 0.7610815,
0.4299676, 0.6425768, 0.3434148, 0.5331878,0.4017417, 0.7194478, 0.3653952, 0.4329952,0.3729952, 0.694398, 0.4110112, 0.4579911,0.3433512, 0.667078, 0.4540106, 0.4806154,-0.02555578, 0.6731278, 0.05798383, 0.7368065,-0.03847491, 0.681397, 0.06906687, 0.7276315,-0.1009032, 0.6729338, 0.127406, 0.7216277,-0.1743742, 0.6563204, 0.1957437, 0.7074755,-0.07511261, 0.6167934, -0.007016893, 0.7835016,-0.08683868, 0.5954795, 0.003624479, 0.7986552,-0.1626613, 0.5924157, 0.06043701, 0.7867225,-0.2386424, 0.5836928, 0.1179482, 0.767099,-0.08771036, 0.5535155, -0.03844237, 0.8273147,-0.1268518, 0.533084, -0.01192984, 0.8364136,-0.2126748, 0.5314592, 0.04326654, 0.8188093,-0.2777024, 0.5262725, 0.08577929, 0.7990998,-0.1015625, 0.4908266, -0.1214051, 0.8567585,-0.1871623, 0.4730476, -0.07382765, 0.8577562,-0.3343391, 0.4786681, 0.01006999, 0.8117837,-0.4394068, 0.4730695, 0.07368743, 0.7600639,
0.4301546, 0.6425558, 0.3429576, 0.5333565,0.4022268, 0.719373, 0.3646784, 0.4332732,0.3734405, 0.694351, 0.4103226, 0.4583167,0.3439376, 0.6672277, 0.453095, 0.4808523,-0.02544864, 0.6732577, 0.0574954, 0.7367297,-0.03810178, 0.6814893, 0.06834533, 0.7276328,-0.1002764, 0.6731325, 0.1264571, 0.7216965,-0.1738393, 0.656593, 0.1948958, 0.7075883,-0.07505102, 0.6169344, -0.007503832, 0.783392,-0.08695594, 0.595377, 0.003279636, 0.7987203,-0.1627381, 0.5923501, 0.06004921, 0.7867857,-0.2386896, 0.5836707, 0.1175289, 0.7671654,-0.08769184, 0.55366, -0.03893, 0.8271971,-0.1273964, 0.53302, -0.01205312, 0.8363699,-0.2131661, 0.5314106, 0.04310752, 0.8187214,-0.2780393, 0.5262525, 0.08552089, 0.7990236,-0.1015903, 0.4909598, -0.1218872, 0.8566104,-0.1879897, 0.4730504, -0.07387178, 0.8575699,-0.3355634, 0.478673, 0.01028796, 0.8112727,-0.4407227, 0.4730287, 0.07401031, 0.7592956,
0.4307583, 0.6424462, 0.343135, 0.532887,0.4030047, 0.7191722, 0.3646646, 0.4328952,0.3742376, 0.6941482, 0.4103013, 0.4579927,0.3448303, 0.6670992, 0.4529543, 0.4805238,-0.0248087, 0.6734987, 0.05782751, 0.7365052,-0.03706181, 0.6816878, 0.06831954, 0.727503,-0.09889951, 0.6733902, 0.1261409, 0.7217015,-0.1723808, 0.6569064, 0.1945248, 0.7077563,-0.07441396, 0.6172457, -0.007199564, 0.7832103,-0.08663818, 0.5955282, 0.003827407, 0.7986397,-0.1625334, 0.5924392, 0.06069878, 0.7867111,-0.2383162, 0.5837211, 0.1180604, 0.7671615,-0.08704828, 0.5540113, -0.03867159, 0.8270421,-0.1273159, 0.5332693, -0.01142714, 0.836232,-0.2131619, 0.5315891, 0.04381439, 0.8185691,-0.2779287, 0.526384, 0.08617772, 0.7989048,-0.1009692, 0.4913805, -0.1216712, 0.8564733,-0.1874425, 0.4732778, -0.07360056, 0.8575875,-0.3349108, 0.4788508, 0.01052586, 0.8114344,-0.4399224, 0.4731904, 0.0741607, 0.7596442,
