-0.660600,-0.518100,0.723100,-0.793500,2.533000,1.922600,-72.158100,380.060100,187.868800,-0.961400,-0.199700,-0.074000,-2.899200,2.624500,0.183100,322.620600,641.340400,255.593200,-0.895800,0.392800,0.189500,-1.647900,1.647900,0.457800,120.431400,530.625700,-52.291200,0.187300,0.532200,0.853000,0.396700,-0.762900,0.030500,-330.480700,12.586700,726.407300,0.204800,-0.228000,0.968800,0.579800,0.671400,5.065900,303.685000,-243.744500,369.751800,0.149400,-0.346900,1.047900,-0.488300,1.709000,0.000000,285.024600,-232.405400,237.372100,0.102100,-0.110100,1.012000,-2.685500,2.624500,1.190200,-9.019800,-121.257300,19.070400,0.198200,0.600300,0.828600,-2.288800,1.861600,0.030500,-555.611700,249.121200,407.412200,0.018101
-0.661100,-0.521700,0.711900,-0.854500,2.471900,1.678500,-73.962100,374.630700,186.129300,-0.961400,-0.204300,-0.077400,-2.655000,2.197300,-0.183100,317.331700,636.069200,264.056500,-0.898400,0.395500,0.190400,-2.014200,1.525900,0.213600,139.630600,532.377000,-47.230800,0.170700,0.530300,0.847200,0.976600,-1.129200,0.061000,-348.344500,16.182900,719.472700,0.191900,-0.231000,0.967000,0.976600,0.396700,4.760700,305.471300,-220.445400,368.024000,0.147500,-0.346700,1.043200,-0.518800,1.342800,0.091600,285.024600,-228.774000,233.881300,0.095700,-0.110600,1.012900,-2.624500,2.136200,1.159700,-16.235600,-139.355400,32.939700,0.188700,0.601600,0.832300,-2.075200,1.647900,0.305200,-548.419300,241.952300,414.346900,0.018081
-0.658900,-0.522900,0.714600,-0.122100,2.258300,1.678500,-54.118600,369.201200,198.306000,-0.957300,-0.204600,-0.079800,-2.502400,2.014200,-0.030500,315.568800,637.826200,252.207900,-0.899200,0.395500,0.186500,-1.983600,1.129200,0.000000,125.667600,532.377000,-40.483500,0.175800,0.532200,0.855700,1.190200,-1.617400,0.030500,-312.616900,-8.990500,712.538000,0.195100,-0.230000,0.969500,1.251200,0.274700,4.272500,326.907900,-245.536700,354.201500,0.144000,-0.349900,1.048800,-0.488300,1.068100,-0.183100,288.632500,-236.036700,233.881300,0.093300,-0.112800,1.012900,-2.319300,1.831100,0.732400,1.804000,-124.876900,39.874400,0.190900,0.598100,0.828100,-2.105700,0.976600,0.274700,-552.015500,252.705700,410.879600,0.018120
-0.657700,-0.519500,0.724400,0.213600,2.197300,1.129200,-54.118600,376.440500,194.826900,-0.957000,-0.202400,-0.072300,-2.014200,1.678500,-0.305200,322.620600,634.312000,269.134600,-0.896200,0.390400,0.190900,-1.770000,0.824000,-0.366200,122.176800,528.874500,-43.857100,0.183800,0.523200,0.847400,0.335700,-1.739500,0.000000,-328.694300,-7.192400,710.804300,0.204100,-0.230200,0.961700,0.518800,-0.274700,4.119900,326.907900,-224.029900,361.112700,0.154100,-0.348900,1.046600,-0.732400,1.037600,-0.579800,266.985000,-228.774000,237.372100,0.105000,-0.108400,1.017800,-2.838100,1.617400,0.396700,0.000000,-123.067100,48.542700,0.201400,0.605500,0.832000,-2.288800,0.549300,0.122100,-544.823100,241.952300,400.477600,0.018273
-0.649900,-0.516800,0.714800,-0.152600,2.502400,1.220700,-59.530400,360.152200,186.129300,-0.953400,-0.206300,-0.074500,-2.014200,2.319300,-0.091600,310.279900,646.611700,253.900500,-0.892100,0.388700,0.192400,-1.647900,1.495400,-0.183100,134.394500,530.625700,-48.917600,0.187700,0.533000,0.850100,1.220700,-1.312300,-0.213600,-317.976000,3.596200,714.271700,0.206300,-0.225300,0.964100,1.281700,0.427200,4.394500,325.121500,-229.406600,380.118700,0.153600,-0.346700,1.041500,-0.732400,1.464800,-0.122100,270.593000,-225.142700,240.862900,0.107700,-0.107700,1.009000,-2.716100,2.136200,0.793500,-19.843500,-142.975000,43.341700,0.202900,0.600800,0.825000,-2.319300,1.068100,0.030500,-546.621200,229.406600,405.678600,0.018120
-0.651400,-0.519500,0.717000,-0.366200,3.143300,1.464800,-70.354200,374.630700,200.045500,-0.949200,-0.204600,-0.076400,-2.349900,2.960200,0.091600,320.857600,629.040800,250.515200,-0.897200,0.390900,0.189700,-1.342800,1.678500,0.274700,113.449900,523.620800,-35.423100,0.178700,0.528800,0.847400,0.946000,-0.762900,-0.396700,-321.548800,0.000000,714.271700,0.202600,-0.231900,0.964600,0.793500,1.159700,4.455600,319.762400,-224.029900,357.657100,0.152800,-0.347400,1.045400,-0.549300,1.831100,-0.030500,279.612700,-226.958400,235.626700,0.098900,-0.110400,1.019800,-2.929700,2.502400,0.610400,-30.667200,-128.496500,26.005000,0.195800,0.606200,0.836700,-2.746600,1.342800,-0.244100,-568.198400,236.575600,405.678600,0.018306
-0.663600,-0.524400,0.723100,-0.030500,2.929700,1.312300,-57.726500,365.581600,194.826900,-0.963400,-0.203900,-0.077400,-2.014200,2.197300,-0.183100,315.568800,637.826200,248.822500,-0.901600,0.395800,0.189000,-1.617400,1.281700,-0.061000,122.176800,532.377000,-50.604400,0.179000,0.539100,0.863000,0.946000,-1.281700,-0.274700,-321.548800,0.000000,714.271700,0.198200,-0.226100,0.977800,1.037600,0.457800,4.272500,328.694300,-232.991100,387.029900,0.146700,-0.347900,1.044700,-0.824000,1.251200,-0.335700,281.416700,-236.036700,237.372100,0.095700,-0.110400,1.013400,-2.929700,2.319300,0.488300,0.000000,-137.545600,38.140700,0.191700,0.600300,0.830300,-2.685500,0.793500,0.000000,-552.015500,238.367800,428.216300,0.018125
-0.654500,-0.565900,0.624500,1.007100,3.173800,0.091600,207.454600,215.367400,-46.967200,-0.929900,-0.212600,-0.150900,-0.396700,2.716100,-0.030500,560.619400,558.756900,60.936100,-0.895300,0.416500,0.100100,-0.183100,0.305200,-0.854500,219.918300,598.924100,-290.131900,0.104700,0.512000,0.869100,-0.213600,-2.563500,-1.342800,294.753100,37.760000,674.397300,0.139200,-0.260700,0.968500,-0.213600,0.305200,2.838100,500.187000,-100.365400,231.526800,0.088100,-0.374500,1.042500,-1.159700,1.556400,-2.014200,481.655500,-103.493000,134.394500,0.049300,-0.125500,1.013700,-3.112800,1.617400,-1.220700,180.395300,-83.251300,-69.346800,0.143300,0.593500,0.845200,-2.990700,-0.396700,-1.190200,-266.118200,229.406600,398.743900,0.018349
-0.662800,-0.572000,0.635300,-0.183100,3.479000,0.885000,203.846700,200.888900,-50.446300,-0.940200,-0.214400,-0.149400,-1.525900,2.716100,-0.030500,546.515700,551.728500,54.165400,-0.899900,0.416500,0.103000,-0.427200,1.434300,0.061000,232.136000,586.665500,-298.565900,0.109100,0.520500,0.880100,0.396700,-1.434300,-1.342800,287.607500,30.567600,681.332000,0.137500,-0.259300,0.974100,0.915500,0.976600,3.692600,509.118900,-112.911100,240.165900,0.088600,-0.375500,1.043700,-0.885000,2.349900,-1.068100,492.479200,-107.124400,134.394500,0.042500,-0.118900,1.022500,-3.051800,3.051800,-0.366200,171.375500,-66.963000,-71.080400,0.142800,0.606000,0.856000,-3.173800,1.037600,-1.159700,-267.916300,245.536700,386.608200,0.018371
-0.674300,-0.581500,0.634300,-0.244100,3.418000,1.403800,203.846700,215.367400,-53.925300,-0.945100,-0.220200,-0.154500,-2.014200,3.479000,-0.091600,567.671200,558.756900,54.165400,-0.902800,0.417500,0.095700,-0.671400,1.647900,-0.183100,228.645200,621.690200,-301.939500,0.105700,0.525400,0.884000,-1.251200,-0.976600,-0.671400,294.753100,44.952400,663.995200,0.135300,-0.260500,0.978500,-1.342800,1.403800,4.241900,516.264400,-102.157600,233.254600,0.087600,-0.373800,1.043000,-1.495400,1.922600,-0.732400,488.871300,-125.281000,141.376000,0.036900,-0.123800,1.020000,-4.211400,2.258300,0.183100,178.591300,-81.441400,-64.145800,0.137700,0.600600,0.851100,-3.906200,0.976600,-0.305200,-262.522000,232.991100,388.341900,0.018352
-0.671400,-0.573500,0.643600,0.183100,2.594000,0.396700,198.434800,224.416400,-45.227700,-0.953600,-0.215800,-0.149400,-1.373300,1.617400,-1.190200,567.671200,551.728500,54.165400,-0.910200,0.416300,0.092800,-1.373300,1.159700,-1.129200,221.663700,604.177800,-288.445000,0.100800,0.513700,0.875200,-0.549300,-1.617400,-0.030500,291.180300,37.760000,674.397300,0.127000,-0.264600,0.968300,-0.396700,0.183100,4.303000,509.118900,-105.742100,247.077100,0.081800,-0.379900,1.040800,-1.495400,0.793500,-0.610400,478.047500,-114.387000,144.866800,0.032500,-0.131600,1.013400,-4.241900,1.525900,0.366200,174.983400,-77.821800,-74.547800,0.131600,0.584700,0.845700,-4.028300,0.396700,0.366200,-260.723900,249.121200,390.075600,0.018311
-0.657200,-0.572300,0.627000,-0.549300,2.838100,1.281700,211.062500,204.508500,-50.446300,-0.932600,-0.215300,-0.158900,-2.258300,2.777100,-0.152600,557.093500,562.271100,67.706800,-0.890900,0.413100,0.086200,-1.159700,1.556400,0.061000,226.899800,609.431500,-293.505500,0.095900,0.523400,0.887000,0.213600,-0.854500,-0.671400,300.112200,39.558100,669.196300,0.129200,-0.255900,0.977100,0.946000,0.793500,4.455600,523.410000,-102.157600,236.710300,0.081500,-0.377400,1.039300,-0.793500,2.227800,-0.274700,474.439600,-107.124400,137.885300,0.034400,-0.121100,1.026900,-3.112800,2.746600,0.305200,180.395300,-83.251300,-62.412100,0.134000,0.606900,0.866500,-3.295900,1.220700,-0.549300,-276.906800,225.822100,391.809200,0.018265
-0.672100,-0.585000,0.615000,-0.335700,4.150400,0.946000,216.474400,213.557600,-41.748600,-0.948700,-0.224400,-0.161900,-1.678500,4.303000,-0.091600,541.226900,556.999800,49.087400,-0.909200,0.419200,0.087600,-0.579800,2.319300,0.000000,235.626700,607.680300,-288.445000,0.086400,0.512000,0.873500,-0.518800,-0.244100,-0.762900,291.180300,41.356200,670.929900,0.117400,-0.264900,0.968000,-0.579800,1.464800,4.547100,519.837200,-112.911100,240.165900,0.077400,-0.379200,1.043000,-1.464800,2.288800,-0.183100,476.243600,-119.834000,139.630600,0.029300,-0.134800,1.013200,-4.058800,2.960200,0.610400,174.983400,-63.343300,-64.145800,0.122300,0.582500,0.848600,-3.662100,1.617400,-0.488300,-276.906800,225.822100,391.809200,0.018333
-0.674800,-0.578600,0.635500,-0.793500,2.838100,1.129200,211.062500,222.606600,-53.925300,-0.950900,-0.215800,-0.159400,-2.594000,2.746600,-0.457800,574.723000,555.242700,74.477500,-0.909400,0.419900,0.091300,-1.312300,1.647900,-0.274700,219.918300,602.426600,-293.505500,0.093000,0.516800,0.880100,0.000000,-0.976600,-0.244100,298.325800,48.548600,695.201300,0.122600,-0.260000,0.973100,0.213600,0.396700,4.486100,525.196400,-111.118800,224.615600,0.077900,-0.380100,1.040300,-1.129200,1.556400,-0.518800,505.106800,-105.308700,122.176800,0.033400,-0.130600,1.014600,-3.112800,1.709000,0.335700,178.591300,-74.202200,-60.678400,0.127900,0.589100,0.850800,-2.868700,0.518800,-0.061000,-276.906800,225.822100,391.809200,0.018290
-0.666300,-0.577600,0.618900,-0.854500,2.533000,0.427200,202.042700,206.318300,-45.227700,-0.932600,-0.223400,-0.161600,-2.197300,2.227800,-1.068100,576.486000,556.999800,35.546100,-0.898200,0.413800,0.087400,-1.586900,1.556400,-1.037600,240.862900,609.431500,-293.505500,0.101100,0.525100,0.889600,-0.427200,-1.068100,-0.091600,298.325800,48.548600,695.201300,0.134800,-0.261000,0.979500,-0.701900,0.457800,4.638700,528.769100,-121.872300,221.160000,0.084000,-0.379900,1.039600,-1.556400,1.007100,-0.305200,483.459400,-123.465400,136.139900,0.040500,-0.131100,1.020000,-4.150400,1.586900,0.732400,191.219000,-83.251300,-62.412100,0.140600,0.593000,0.852300,-3.814700,0.885000,0.274700,-260.723900,249.121200,386.608200,0.018306
-0.658400,-0.569800,0.634500,-0.762900,3.265400,0.854500,202.042700,213.557600,-45.227700,-0.936300,-0.212900,-0.152600,-2.227800,2.990700,-0.671400,557.093500,562.271100,54.165400,-0.899900,0.416300,0.089400,-1.525900,2.166700,-0.610400,223.409000,605.929100,-286.758200,0.097400,0.501700,0.865700,-0.518800,-0.244100,-0.061000,298.325800,48.548600,695.201300,0.126700,-0.268100,0.959200,-0.427200,0.915500,5.249000,514.478000,-121.872300,241.893700,0.079800,-0.381800,1.038600,-1.617400,1.800500,0.274700,496.087100,-107.124400,148.357600,0.036400,-0.133500,1.011000,-3.540000,2.166700,1.251200,182.199200,-74.202200,-74.547800,0.131800,0.584700,0.849600,-3.082300,1.556400,0.274700,-276.906800,229.406600,395.276600,0.018303
-0.664600,-0.577900,0.614700,-1.159700,3.326400,1.434300,207.454600,229.845900,-60.883400,-0.937700,-0.220700,-0.162100,-2.838100,3.295900,-0.366200,553.567600,569.299500,64.321500,-0.896700,0.414100,0.083500,-1.495400,2.319300,0.061000,226.899800,619.939000,-300.252700,0.085700,0.515400,0.880400,0.213600,0.030500,-0.213600,298.325800,48.548600,695.201300,0.117200,-0.261000,0.970900,0.274700,1.251200,5.371100,507.332500,-114.703300,228.071200,0.074200,-0.377700,1.036900,-1.281700,1.953100,0.366200,488.871300,-114.387000,134.394500,0.027600,-0.131300,1.010500,-3.387500,2.716100,1.342800,182.199200,-74.202200,-74.547800,0.123300,0.584700,0.850300,-2.960200,1.953100,0.061000,-280.503000,236.575600,395.276600,0.018285
-0.669200,-0.578900,0.619100,-1.159700,2.899200,1.373300,203.846700,208.128100,-40.009100,-0.942100,-0.220900,-0.167700,-2.990700,3.356900,-0.427200,558.856400,564.028200,55.858100,-0.900600,0.419900,0.083700,-1.647900,2.197300,-0.122100,219.918300,598.924100,-296.879100,0.081100,0.505100,0.865000,0.488300,-0.457800,-0.030500,298.325800,48.548600,695.201300,0.112500,-0.267100,0.960700,0.396700,0.824000,5.249000,514.478000,-100.365400,231.526800,0.071800,-0.378400,1.034700,-1.190200,1.617400,0.396700,481.655500,-99.861700,141.376000,0.023400,-0.135000,1.004400,-3.021200,2.288800,1.190200,173.179500,-68.772800,-69.346800,0.118400,0.583300,0.849400,-2.410900,1.495400,0.335700,-269.714400,240.160000,395.276600,0.018087
-0.664300,-0.576400,0.620400,0.030500,2.380400,0.335700,202.042700,213.557600,-41.748600,-0.939700,-0.214800,-0.160600,-1.647900,1.770000,-0.701900,544.752800,556.999800,59.243500,-0.901900,0.416000,0.084000,-1.922600,1.068100,-1.190200,232.136000,611.182800,-305.313200,0.084000,0.499500,0.863000,-0.213600,-1.770000,0.305200,296.539400,35.961900,679.598300,0.119600,-0.269300,0.958500,-0.122100,-0.518800,4.272500,521.623500,-114.703300,241.893700,0.073200,-0.382300,1.035200,-1.434300,0.549300,-0.305200,474.439600,-114.387000,148.357600,0.028300,-0.137900,1.000700,-3.204300,1.159700,0.671400,191.219000,-76.012000,-79.748800,0.119400,0.577900,0.842500,-2.746600,0.335700,0.640900,-264.320100,241.952300,390.075600,0.018265
-0.665300,-0.580300,0.609400,-0.244100,2.380400,0.885000,196.630900,204.508500,-60.883400,-0.930400,-0.224600,-0.169200,-1.983600,2.319300,-0.396700,562.382400,549.971400,59.243500,-0.896200,0.411900,0.084200,-1.709000,1.098600,-0.671400,216.427500,609.431500,-296.879100,0.082000,0.509500,0.873000,0.366200,-1.831100,-0.091600,282.248400,57.539100,679.598300,0.119100,-0.264200,0.965300,0.335700,-0.091600,4.211400,526.982700,-116.495500,236.710300,0.078600,-0.378400,1.034200,-1.129200,0.854500,-0.610400,488.871300,-110.755700,134.394500,0.030800,-0.132600,1.010000,-2.868700,1.495400,0.305200,187.611100,-97.729700,-58.944800,0.122800,0.587900,0.854200,-2.502400,0.335700,0.152600,-280.503000,247.329000,391.809200,0.018164
-0.662100,-0.571300,0.630100,-0.427200,2.075200,0.762900,185.807200,204.508500,-53.925300,-0.935100,-0.215100,-0.156500,-2.410900,1.739500,-0.915500,564.145300,565.785300,33.853400,-0.893600,0.414600,0.086200,-1.739500,1.007100,-0.885000,228.645200,607.680300,-285.071400,0.097900,0.515600,0.878200,-0.244100,-1.739500,0.183100,291.180300,44.952400,674.397300,0.128700,-0.260700,0.967800,-0.396700,-0.244100,4.455600,510.905300,-107.534300,241.893700,0.079800,-0.378200,1.032700,-1.220700,0.854500,-0.549300,488.871300,-110.755700,134.394500,0.036100,-0.129600,1.012200,-3.234900,1.037600,0.427200,184.003200,-68.772800,-58.944800,0.134300,0.589600,0.849400,-3.173800,0.091600,0.518800,-258.925800,232.991100,405.678600,0.018285
-0.657700,-0.572500,0.629400,-0.610400,2.014200,0.610400,202.042700,191.839900,-41.748600,-0.932600,-0.217500,-0.155300,-2.410900,1.831100,-1.068100,553.567600,551.728500,67.706800,-0.896500,0.412600,0.086700,-2.014200,1.342800,-1.068100,223.409000,616.436500,-293.505500,0.096700,0.509300,0.874500,-0.915500,-1.098600,0.701900,291.180300,48.548600,674.397300,0.128200,-0.261500,0.964800,-0.824000,-0.030500,5.127000,518.050800,-103.949900,245.349300,0.082000,-0.378700,1.032700,-1.403800,0.518800,0.091600,488.871300,-110.755700,134.394500,0.036100,-0.132600,1.009800,-3.753700,1.190200,1.220700,187.611100,-86.870900,-76.281400,0.130400,0.579800,0.845500,-3.418000,0.946000,0.976600,-262.522000,225.822100,381.407200,0.018304
-0.659900,-0.576200,0.616200,-0.762900,2.166700,1.129200,207.454600,208.128100,-53.925300,-0.934600,-0.222400,-0.159900,-2.441400,1.953100,-0.579800,565.908300,553.485600,52.472800,-0.900400,0.411600,0.087600,-1.892100,1.495400,-0.457800,232.136000,604.177800,-291.818700,0.090800,0.499000,0.867400,0.061000,-0.976600,0.396700,301.898600,44.952400,688.266700,0.125000,-0.267100,0.960900,0.366200,0.122100,4.943800,528.769100,-96.780900,241.893700,0.082300,-0.380900,1.032500,-0.976600,1.037600,0.030500,481.655500,-99.861700,148.357600,0.034400,-0.132800,1.010700,-3.173800,1.739500,1.068100,193.023000,-63.343300,-78.015100,0.126500,0.583500,0.849600,-2.929700,1.159700,0.518800,-264.320100,227.614400,393.542900,0.018285
-0.666300,-0.580600,0.618400,-0.854500,2.288800,1.129200,200.238800,211.747800,-43.488200,-0.940900,-0.224100,-0.161100,-2.533000,2.288800,-0.518800,557.093500,544.700100,60.936100,-0.904100,0.413600,0.087900,-1.892100,1.525900,-0.183100,221.663700,628.695200,-301.939500,0.090300,0.507800,0.872100,0.854500,-1.251200,0.030500,287.607500,37.760000,677.864600,0.119400,-0.266100,0.967300,0.824000,0.305200,4.669200,505.546100,-98.573100,236.710300,0.077100,-0.382300,1.037600,-0.793500,1.159700,-0.091600,496.087100,-121.649700,144.866800,0.031200,-0.132800,1.008500,-2.838100,1.831100,0.976600,185.807200,-88.680700,-78.015100,0.124800,0.582000,0.850800,-2.380400,1.098600,0.396700,-262.522000,240.160000,402.211200,0.018080
-0.666000,-0.577600,0.624500,-0.335700,2.044700,1.220700,220.082300,213.557600,-59.143900,-0.944300,-0.220200,-0.158000,-2.288800,1.556400,-0.305200,562.382400,549.971400,55.858100,-0.901900,0.412600,0.084200,-2.288800,0.915500,-0.335700,218.172900,597.172900,-295.192300,0.095900,0.519800,0.891600,0.274700,-1.464800,0.488300,305.471300,41.356200,674.397300,0.127000,-0.260300,0.977500,1.007100,-0.579800,4.699700,534.128200,-98.573100,250.532800,0.079600,-0.380400,1.039800,-0.579800,0.579800,-0.244100,469.027800,-123.465400,122.176800,0.032500,-0.131800,1.018800,-2.349900,1.281700,0.824000,185.807200,-77.821800,-74.547800,0.129900,0.591600,0.859600,-2.044700,0.579800,0.549300,-275.108700,249.121200,393.542900,0.018107
-0.666300,-0.581100,0.617700,0.122100,2.655000,1.434300,220.082300,213.557600,-59.143900,-0.940900,-0.226300,-0.164300,-2.075200,2.929700,0.396700,558.856400,564.028200,52.472800,-0.904800,0.412400,0.087600,-1.983600,1.068100,-0.366200,226.899800,595.421600,-290.131900,0.087900,0.500000,0.870600,-0.244100,-1.220700,0.335700,303.685000,32.365700,679.598300,0.123500,-0.273400,0.963900,0.213600,-0.183100,4.608200,512.691700,-112.911100,229.799000,0.085000,-0.385500,1.037800,-0.671400,0.762900,-0.061000,479.851500,-119.834000,136.139900,0.040500,-0.136000,1.013900,-3.112800,1.617400,0.946000,184.003200,-83.251300,-72.814100,0.132800,0.586900,0.855500,-2.838100,0.915500,0.427200,-267.916300,234.783300,400.477600,0.018126
-0.673800,-0.582800,0.626000,-0.701900,2.471900,2.136200,207.454600,226.226300,-57.404400,-0.949500,-0.222900,-0.160900,-3.021200,2.349900,0.457800,572.960100,549.971400,62.628800,-0.907700,0.421600,0.090100,-2.136200,1.556400,0.305200,235.626700,618.187700,-305.313200,0.091600,0.515400,0.883800,1.434300,-0.671400,0.335700,298.325800,19.779100,657.060600,0.119100,-0.264600,0.974900,1.434300,0.488300,5.279500,512.691700,-105.742100,236.710300,0.077900,-0.382600,1.045200,-0.274700,1.342800,0.518800,478.047500,-110.755700,144.866800,0.029800,-0.135000,1.019800,-2.227800,2.288800,1.373300,184.003200,-86.870900,-76.281400,0.126000,0.593000,0.858600,-1.892100,1.617400,0.427200,-251.733400,232.991100,384.874500,0.018108
-0.671900,-0.583700,0.621100,-0.824000,1.983600,1.770000,205.650700,199.079100,-34.790500,-0.945100,-0.223400,-0.163100,-3.082300,1.709000,0.000000,565.908300,549.971400,66.014100,-0.907000,0.414800,0.086400,-2.471900,1.098600,0.122100,226.899800,605.929100,-307.000000,0.087600,0.518600,0.889400,1.068100,-0.885000,0.488300,298.325800,48.548600,667.462600,0.116500,-0.266600,0.978300,1.129200,0.030500,5.004900,512.691700,-105.742100,243.621500,0.079100,-0.382600,1.044700,-0.366200,0.915500,0.183100,470.831700,-110.755700,144.866800,0.029100,-0.135700,1.018100,-2.716100,1.800500,1.251200,176.787400,-79.631600,-72.814100,0.125700,0.589800,0.861800,-2.410900,1.159700,0.488300,-248.137300,247.329000,391.809200,0.018109
-0.667000,-0.580600,0.617900,-0.762900,2.960200,1.861600,203.846700,218.987000,-46.967200,-0.937700,-0.222200,-0.167000,-2.716100,2.441400,0.152600,567.671200,551.728500,57.550800,-0.903600,0.415300,0.083000,-1.892100,1.800500,0.427200,247.844400,605.929100,-290.131900,0.086200,0.514900,0.883300,1.007100,-0.396700,-0.030500,298.325800,37.760000,670.929900,0.118400,-0.266100,0.976800,0.976600,0.885000,5.249000,521.623500,-100.365400,234.982500,0.076900,-0.382800,1.044400,-0.457800,1.800500,0.457800,481.655500,-114.387000,137.885300,0.026600,-0.137900,1.018300,-2.655000,2.685500,1.220700,185.807200,-88.680700,-84.949800,0.122100,0.587600,0.858200,-2.319300,1.922600,-0.030500,-248.137300,247.329000,391.809200,0.018108
-0.675500,-0.587200,0.609400,-0.762900,3.204300,1.556400,211.062500,208.128100,-43.488200,-0.943400,-0.225100,-0.174100,-2.471900,3.112800,0.091600,562.382400,556.999800,52.472800,-0.906200,0.418000,0.079600,-1.617400,1.709000,0.061000,237.372100,616.436500,-296.879100,0.077900,0.521700,0.890600,0.518800,-0.793500,-0.183100,301.898600,55.741000,681.332000,0.110400,-0.266800,0.978500,0.488300,0.610400,4.791300,505.546100,-116.495500,236.710300,0.072500,-0.380900,1.043200,-1.007100,1.525900,0.091600,490.675200,-108.940000,139.630600,0.021000,-0.135500,1.015400,-3.112800,2.258300,0.854500,194.826900,-90.490500,-76.281400,0.116200,0.587600,0.862300,-2.807600,1.281700,0.122100,-251.733400,240.160000,391.809200,0.018087
-0.673600,-0.583300,0.618200,-0.305200,2.990700,0.915500,212.866500,206.318300,-48.706700,-0.944300,-0.222400,-0.170900,-1.983600,2.594000,-0.213600,558.856400,546.457200,45.702100,-0.904300,0.417700,0.082300,-1.434300,1.342800,-0.335700,232.136000,597.172900,-295.192300,0.077900,0.509500,0.875700,0.305200,-1.098600,-0.366200,294.753100,52.144800,670.929900,0.113800,-0.270000,0.966800,0.274700,0.457800,4.241900,523.410000,-102.157600,250.532800,0.075200,-0.382800,1.044200,-1.129200,1.434300,-0.396700,490.675200,-108.940000,139.630600,0.028800,-0.134300,1.019500,-3.295900,1.831100,0.427200,173.179500,-90.490500,-69.346800,0.122300,0.588600,0.858600,-2.929700,0.793500,-0.122100,-271.512500,252.705700,390.075600,0.018087
-0.665300,-0.579800,0.621800,-0.457800,2.990700,0.793500,194.826900,209.938000,-55.664800,-0.940900,-0.219700,-0.162600,-1.892100,2.471900,-0.488300,567.671200,551.728500,57.550800,-0.901100,0.413300,0.085900,-1.373300,1.403800,-0.396700,233.881300,602.426600,-286.758200,0.093800,0.515400,0.886000,0.152600,-1.159700,-0.488300,289.393900,50.346700,686.533000,0.123500,-0.266600,0.973600,0.061000,0.610400,4.364000,526.982700,-120.080000,253.988400,0.080100,-0.381600,1.041000,-1.251200,1.525900,-0.396700,467.223800,-103.493000,144.866800,0.030500,-0.132800,1.017600,-3.112800,1.953100,0.366200,189.415100,-95.919900,-78.015100,0.127200,0.588600,0.858600,-2.868700,0.610400,-0.213600,-264.320100,220.445400,397.010200,0.018312
-0.665800,-0.580600,0.623000,-0.793500,2.929700,0.885000,194.826900,209.938000,-55.664800,-0.938700,-0.221700,-0.163100,-2.166700,2.777100,-0.701900,555.330600,571.056600,52.472800,-0.901400,0.414300,0.082300,-1.434300,1.800500,-0.671400,219.918300,602.426600,-310.373600,0.089800,0.508300,0.879200,0.305200,-1.007100,-0.244100,294.753100,41.356200,670.929900,0.121600,-0.270000,0.964800,0.091600,0.762900,4.577600,518.050800,-96.780900,252.260600,0.078100,-0.381800,1.039600,-1.403800,1.525900,-0.061000,465.419900,-119.834000,146.612200,0.030000,-0.131800,1.014900,-3.540000,2.227800,0.793500,184.003200,-79.631600,-76.281400,0.127200,0.583300,0.857200,-3.143300,1.281700,0.000000,-264.320100,234.783300,386.608200,0.018312
-0.659900,-0.580800,0.609600,-0.396700,2.838100,0.640900,207.454600,215.367400,-46.967200,-0.932400,-0.228500,-0.163100,-1.770000,2.441400,-0.518800,572.960100,556.999800,49.087400,-0.898900,0.409400,0.085200,-1.464800,1.495400,-0.854500,235.626700,618.187700,-295.192300,0.086200,0.509000,0.882600,-0.274700,-1.159700,-0.335700,285.821100,28.769500,679.598300,0.117900,-0.267300,0.965100,-0.366200,0.488300,4.394500,516.264400,-105.742100,243.621500,0.078100,-0.382600,1.033400,-1.464800,1.495400,-0.335700,488.871300,-107.124400,137.885300,0.030800,-0.132300,1.008500,-3.356900,1.647900,0.396700,191.219000,-68.772800,-72.814100,0.123000,0.582000,0.855700,-3.021200,0.640900,0.000000,-269.714400,236.575600,388.341900,0.018313
-0.658200,-0.576900,0.620800,-0.427200,2.990700,1.159700,191.219000,206.318300,-62.622900,-0.933800,-0.222700,-0.160600,-2.105700,2.716100,-0.183100,565.908300,560.514000,45.702100,-0.898900,0.411400,0.082500,-1.312300,1.617400,-0.305200,253.080600,604.177800,-288.445000,0.095500,0.499500,0.870600,-0.091600,-0.824000,-0.366200,292.966700,39.558100,690.000300,0.125000,-0.270800,0.960900,0.061000,0.640900,4.547100,523.410000,-105.742100,229.799000,0.079100,-0.384000,1.029800,-1.312300,1.617400,-0.183100,478.047500,-114.387000,151.848300,0.037100,-0.138700,1.007600,-3.479000,2.166700,0.610400,171.375500,-77.821800,-64.145800,0.138700,0.575700,0.847700,-3.112800,1.220700,-0.122100,-253.531500,231.198800,386.608200,0.018305
-0.656500,-0.579600,0.616000,-0.854500,3.295900,1.525900,200.238800,222.606600,-46.967200,-0.933800,-0.225800,-0.165000,-2.441400,3.356900,-0.122100,562.382400,542.943000,45.702100,-0.902100,0.408200,0.083300,-1.281700,2.105700,0.091600,228.645200,600.675400,-305.313200,0.087600,0.499300,0.870800,0.305200,-0.396700,-0.396700,282.248400,50.346700,683.065600,0.118900,-0.273900,0.961400,0.305200,1.403800,4.821800,510.905300,-111.118800,231.526800,0.081300,-0.385300,1.034200,-1.007100,2.166700,0.091600,481.655500,-107.124400,144.866800,0.031000,-0.138700,1.006800,-3.204300,2.838100,0.854500,176.787400,-86.870900,-58.944800,0.126000,0.578600,0.855700,-2.746600,1.647900,-0.366200,-266.118200,236.575600,395.276600,0.018290
-0.669200,-0.583500,0.616900,-0.854500,2.929700,1.312300,193.023000,197.269300,-43.488200,-0.941900,-0.226300,-0.161100,-2.594000,2.868700,-0.183100,567.671200,565.785300,54.165400,-0.902300,0.408200,0.083000,-1.434300,1.831100,0.061000,232.136000,600.675400,-298.565900,0.091800,0.507100,0.881600,0.671400,-0.915500,-0.335700,278.675600,46.750500,683.065600,0.119600,-0.269800,0.967300,0.671400,0.885000,4.608200,496.614200,-107.534300,245.349300,0.075000,-0.381800,1.032000,-1.007100,1.739500,0.030500,472.635700,-105.308700,129.158400,0.027100,-0.136500,1.012500,-3.021200,2.288800,0.824000,176.787400,-72.392400,-72.814100,0.127700,0.584500,0.857200,-2.899200,1.281700,-0.213600,-275.108700,234.783300,397.010200,0.018313
-0.665000,-0.578900,0.625200,-0.457800,2.105700,1.037600,203.846700,204.508500,-53.925300,-0.939700,-0.221900,-0.157500,-2.471900,1.770000,-0.457800,564.145300,572.813700,50.780100,-0.901100,0.409900,0.089800,-2.166700,1.129200,-0.579800,223.409000,595.421600,-296.879100,0.097900,0.509000,0.878700,0.122100,-1.312300,0.457800,285.821100,32.365700,665.728900,0.129400,-0.268600,0.965800,0.335700,-0.122100,4.821800,503.759700,-93.196400,245.349300,0.083000,-0.385300,1.037400,-0.915500,0.824000,-0.122100,479.851500,-119.834000,115.195300,0.041000,-0.136700,1.009500,-2.838100,1.312300,0.946000,189.415100,-77.821800,-71.080400,0.137000,0.582500,0.852300,-2.288800,0.976600,0.671400,-262.522000,254.497900,388.341900,0.018265
-0.655500,-0.576200,0.626200,-0.518800,2.319300,1.464800,209.258500,217.177200,-52.185800,-0.935500,-0.218800,-0.156000,-2.655000,2.166700,-0.274700,558.856400,564.028200,59.243500,-0.899700,0.410900,0.090300,-2.319300,1.403800,-0.427200,221.663700,604.177800,-288.445000,0.095500,0.502700,0.872600,0.396700,-0.885000,0.488300,289.393900,53.942900,662.261600,0.126700,-0.267600,0.959200,0.274700,0.213600,5.065900,505.546100,-109.326600,250.532800,0.082000,-0.384000,1.032700,-1.037600,1.098600,0.305200,474.439600,-118.018400,137.885300,0.036600,-0.133300,1.008300,-2.899200,1.739500,1.373300,173.179500,-79.631600,-72.814100,0.133800,0.581300,0.850600,-2.166700,1.312300,0.762900,-262.522000,247.329000,398.743900,0.018126
-0.659200,-0.580600,0.621300,-1.495400,2.105700,1.525900,200.238800,211.747800,-53.925300,-0.935500,-0.224100,-0.158900,-3.387500,2.166700,-0.640900,550.041700,569.299500,44.009400,-0.897900,0.409700,0.086900,-2.319300,1.892100,0.000000,235.626700,607.680300,-301.939500,0.090800,0.505600,0.879600,0.824000,-0.366200,0.396700,291.180300,19.779100,670.929900,0.122100,-0.268600,0.962200,0.885000,0.732400,5.401600,516.264400,-94.988700,240.165900,0.080100,-0.380600,1.033700,-0.854500,1.312300,0.671400,496.087100,-107.124400,130.903700,0.032500,-0.137200,1.009500,-2.899200,2.380400,1.709000,187.611100,-86.870900,-79.748800,0.129600,0.579300,0.855200,-2.441400,1.892100,0.671400,-258.925800,236.575600,384.874500,0.018106
-0.662600,-0.582500,0.619100,-1.403800,1.831100,1.586900,227.298100,209.938000,-59.143900,-0.942100,-0.223400,-0.157500,-3.570600,1.861600,-0.640900,548.278700,553.485600,52.472800,-0.901600,0.410900,0.085000,-2.746600,1.831100,-0.305200,235.626700,600.675400,-305.313200,0.092000,0.503400,0.875000,0.091600,-0.518800,0.976600,298.325800,59.337200,670.929900,0.120800,-0.269800,0.959500,-0.335700,0.091600,5.676300,528.769100,-107.534300,259.171800,0.077400,-0.385500,1.031000,-0.854500,0.793500,0.732400,463.615900,-118.018400,137.885300,0.032500,-0.139900,1.006100,-2.655000,1.403800,1.800500,174.983400,-92.300300,-57.211100,0.132800,0.575000,0.852500,-1.892100,1.434300,1.190200,-264.320100,241.952300,400.477600,0.018082
-0.665300,-0.578600,0.619100,-1.434300,1.678500,2.380400,202.042700,213.557600,-52.185800,-0.935500,-0.221400,-0.162800,-4.180900,1.953100,0.061000,565.908300,553.485600,45.702100,-0.895800,0.411100,0.080100,-2.868700,1.861600,0.518800,232.136000,618.187700,-298.565900,0.092000,0.511000,0.881300,0.946000,-0.335700,0.915500,298.325800,55.741000,681.332000,0.124000,-0.265100,0.972400,1.068100,0.122100,5.859400,523.410000,-112.911100,233.254600,0.074500,-0.380600,1.033200,-0.366200,1.281700,0.915500,479.851500,-119.834000,143.121400,0.030000,-0.130100,1.013200,-2.441400,2.044700,2.014200,180.395300,-79.631600,-76.281400,0.127700,0.587400,0.856900,-1.922600,1.983600,0.824000,-271.512500,238.367800,386.608200,0.018105
-0.664300,-0.577400,0.620400,-1.007100,2.014200,2.136200,209.258500,202.698700,-48.706700,-0.940700,-0.219500,-0.162800,-3.479000,2.319300,0.000000,569.434200,571.056600,52.472800,-0.900400,0.414100,0.082500,-2.716100,1.556400,0.335700,219.918300,612.934000,-290.131900,0.085000,0.499300,0.871800,0.640900,-0.457800,1.037600,300.112200,35.961900,676.130900,0.116900,-0.271200,0.960200,0.610400,0.122100,5.798300,526.982700,-109.326600,233.254600,0.072000,-0.385300,1.033200,-0.427200,0.976600,0.793500,487.067300,-119.834000,143.121400,0.026900,-0.140600,1.002000,-2.349900,1.709000,1.983600,194.826900,-76.012000,-69.346800,0.120800,0.570600,0.847400,-1.678500,1.678500,0.976600,-255.329600,236.575600,402.211200,0.018109
-0.660600,-0.580100,0.604500,-1.098600,1.434300,2.471900,216.474400,224.416400,-52.185800,-0.933300,-0.228800,-0.167200,-3.906200,1.464800,0.335700,553.567600,562.271100,57.550800,-0.903800,0.411600,0.081800,-3.051800,0.976600,0.640900,226.899800,609.431500,-296.879100,0.080300,0.502200,0.872100,1.678500,-0.824000,1.007100,278.675600,46.750500,676.130900,0.117200,-0.268800,0.956500,1.831100,-0.427200,5.584700,519.837200,-102.157600,243.621500,0.078100,-0.384800,1.034700,0.457800,0.579800,0.671400,496.087100,-118.018400,144.866800,0.027800,-0.141100,1.006300,-1.281700,1.678500,1.892100,182.199200,-85.061100,-81.482400,0.121100,0.577900,0.853300,-0.701900,1.434300,0.885000,-255.329600,236.575600,402.211200,0.018108
-0.664800,-0.579100,0.617900,-0.885000,1.464800,2.990700,207.454600,208.128100,-60.883400,-0.934100,-0.220900,-0.164100,-3.845200,1.220700,0.793500,562.382400,546.457200,55.858100,-0.900900,0.414300,0.083700,-3.021200,1.068100,1.037600,223.409000,612.934000,-307.000000,0.090800,0.512200,0.884300,1.953100,-0.885000,0.915500,280.462000,41.356200,688.266700,0.122800,-0.265900,0.972900,2.349900,-0.030500,5.523700,519.837200,-91.404200,233.254600,0.077400,-0.381800,1.041500,0.518800,1.007100,0.671400,494.283100,-105.308700,136.139900,0.032700,-0.131800,1.018800,-1.129200,2.014200,1.800500,191.219000,-79.631600,-69.346800,0.130100,0.591100,0.860400,-0.732400,1.770000,0.610400,-255.329600,236.575600,402.211200,0.018109
-0.673300,-0.578400,0.630900,-1.159700,1.709000,2.838100,191.219000,213.557600,-45.227700,-0.949500,-0.215800,-0.161400,-3.784200,1.861600,0.549300,555.330600,571.056600,55.858100,-0.902300,0.420200,0.084700,-2.807600,1.495400,0.946000,233.881300,605.929100,-303.626400,0.091100,0.517100,0.885500,2.227800,-0.671400,0.640900,298.325800,41.356200,684.799300,0.121300,-0.264600,0.983600,2.105700,0.457800,5.554200,519.837200,-112.911100,243.621500,0.075400,-0.380600,1.043200,0.152600,1.373300,1.037600,463.615900,-118.018400,134.394500,0.026600,-0.131100,1.022000,-2.105700,2.441400,2.014200,185.807200,-81.441400,-74.547800,0.126500,0.595700,0.866900,-1.403800,2.349900,0.671400,-275.108700,241.952300,397.010200,0.018129
-0.675800,-0.583300,0.612300,-1.434300,1.342800,2.624500,214.670400,208.128100,-64.362500,-0.947000,-0.221700,-0.172600,-4.119900,1.312300,0.061000,574.723000,569.299500,50.780100,-0.906000,0.420400,0.082800,-3.173800,1.312300,0.488300,223.409000,619.939000,-300.252700,0.089400,0.529800,0.894300,0.671400,-0.640900,1.342800,291.180300,41.356200,684.799300,0.117700,-0.261500,0.984600,1.007100,-0.061000,6.012000,539.487400,-103.949900,245.349300,0.070600,-0.379600,1.042700,-0.091600,0.762900,1.068100,487.067300,-119.834000,132.649100,0.022200,-0.131300,1.021700,-2.288800,1.922600,2.227800,189.415100,-77.821800,-71.080400,0.122800,0.594200,0.866500,-1.953100,2.227800,1.342800,-246.339200,231.198800,390.075600,0.018088
-0.681400,-0.581800,0.619400,-1.495400,1.068100,2.197300,209.258500,206.318300,-41.748600,-0.952900,-0.222900,-0.170900,-4.150400,1.464800,-0.396700,553.567600,544.700100,54.165400,-0.909400,0.424600,0.081800,-3.173800,1.434300,0.122100,230.390600,602.426600,-290.131900,0.078400,0.509500,0.872800,0.579800,-0.732400,1.373300,307.257700,53.942900,683.065600,0.108900,-0.272200,0.972400,1.037600,-0.396700,5.859400,525.196400,-96.780900,238.438100,0.070100,-0.383100,1.043000,-0.366200,0.579800,1.007100,490.675200,-79.889300,136.139900,0.020800,-0.137900,1.018100,-2.533000,1.678500,2.227800,189.415100,-85.061100,-67.613100,0.115000,0.586200,0.858900,-2.075200,1.831100,1.373300,-269.714400,232.991100,388.341900,0.018128
-0.673100,-0.581500,0.615700,-2.014200,0.732400,1.647900,214.670400,204.508500,-57.404400,-0.940700,-0.215800,-0.170200,-4.119900,1.068100,-1.098600,571.197100,565.785300,50.780100,-0.902300,0.421100,0.080600,-2.868700,1.434300,0.091600,226.899800,602.426600,-310.373600,0.077600,0.515400,0.882100,1.251200,-0.701900,1.037600,301.898600,44.952400,674.397300,0.109100,-0.265900,0.974100,1.159700,-0.091600,5.554200,516.264400,-102.157600,260.899600,0.067600,-0.383100,1.044900,-0.274700,0.885000,0.732400,481.655500,-128.912400,137.885300,0.020800,-0.135700,1.018300,-2.258300,1.739500,1.770000,176.787400,-65.153200,-69.346800,0.119400,0.589100,0.861100,-1.586900,1.617400,0.946000,-264.320100,245.536700,386.608200,0.018081
-0.678200,-0.585400,0.608900,-2.014200,0.915500,1.342800,214.670400,215.367400,-53.925300,-0.942400,-0.223900,-0.174300,-3.906200,0.976600,-1.281700,565.908300,553.485600,52.472800,-0.904800,0.418900,0.083000,-2.533000,1.373300,-0.030500,237.372100,619.939000,-310.373600,0.073500,0.522200,0.889200,0.640900,-0.854500,0.824000,312.616900,55.741000,663.995200,0.107900,-0.262700,0.979500,0.824000,0.030500,5.401600,521.623500,-96.780900,238.438100,0.067400,-0.381800,1.044200,-0.732400,0.946000,0.366200,479.851500,-112.571400,139.630600,0.011000,-0.133300,1.020800,-2.410900,1.525900,1.373300,182.199200,-63.343300,-60.678400,0.107400,0.593300,0.864500,-1.861600,1.190200,0.824000,-257.127700,231.198800,386.608200,0.018106
-0.665500,-0.582300,0.609600,-1.312300,1.525900,0.762900,207.454600,197.269300,-67.841500,-0.934800,-0.223900,-0.167200,-2.899200,1.159700,-1.251200,550.041700,558.756900,57.550800,-0.898700,0.413800,0.079600,-2.044700,1.312300,-0.549300,235.626700,604.177800,-288.445000,0.076700,0.509500,0.878200,0.152600,-1.068100,0.366200,289.393900,39.558100,676.130900,0.115500,-0.266100,0.968000,0.579800,0.000000,4.913300,523.410000,-116.495500,233.254600,0.074000,-0.381300,1.038800,-0.946000,0.946000,-0.213600,476.243600,-112.571400,136.139900,0.022500,-0.133500,1.015900,-2.899200,1.525900,0.885000,173.179500,-76.012000,-69.346800,0.113300,0.589100,0.858600,-2.594000,0.915500,0.396700,-267.916300,238.367800,400.477600,0.018305
-0.662400,-0.581500,0.606000,-0.457800,2.960200,1.129200,209.258500,191.839900,-52.185800,-0.931600,-0.223900,-0.167000,-2.105700,2.746600,-0.366200,555.330600,553.485600,62.628800,-0.900900,0.413300,0.081300,-1.403800,1.647900,-0.274700,233.881300,609.431500,-300.252700,0.078900,0.507600,0.878400,0.091600,-0.915500,-0.396700,305.471300,26.971400,670.929900,0.114500,-0.269300,0.969500,-0.152600,0.732400,4.364000,523.410000,-116.495500,240.165900,0.073000,-0.381300,1.037600,-1.312300,1.709000,-0.274700,476.243600,-112.571400,136.139900,0.026900,-0.136200,1.009300,-3.143300,2.044700,0.640900,184.003200,-76.012000,-58.944800,0.118400,0.584200,0.856200,-2.807600,0.854500,0.000000,-267.916300,234.783300,383.140900,0.018125
-0.667200,-0.576200,0.625700,-0.427200,2.777100,1.434300,212.866500,213.557600,-55.664800,-0.940900,-0.218300,-0.163300,-2.777100,2.471900,-0.213600,560.619400,558.756900,60.936100,-0.900600,0.415000,0.085700,-1.556400,1.464800,-0.335700,216.427500,605.929100,-296.879100,0.091100,0.511000,0.878900,-0.427200,-0.915500,-0.061000,285.821100,53.942900,679.598300,0.119900,-0.263700,0.973900,-0.366200,0.396700,4.608200,530.555500,-120.080000,253.988400,0.074700,-0.379900,1.038800,-1.220700,1.464800,-0.183100,485.263400,-110.755700,148.357600,0.029500,-0.134800,1.009800,-3.051800,1.556400,0.549300,196.630900,-81.441400,-84.949800,0.127900,0.580800,0.856000,-2.594000,0.671400,0.213600,-260.723900,241.952300,379.673500,0.018285
-0.662100,-0.576700,0.616700,-0.762900,2.624500,1.709000,202.042700,224.416400,-52.185800,-0.936800,-0.220200,-0.161100,-2.960200,2.624500,-0.122100,560.619400,555.242700,47.394800,-0.896200,0.414800,0.079800,-2.044700,1.617400,-0.183100,226.899800,602.426600,-303.626400,0.090100,0.507300,0.881100,0.640900,-0.885000,0.366200,307.257700,50.346700,665.728900,0.122300,-0.267300,0.963400,0.457800,0.305200,5.004900,505.546100,-109.326600,247.077100,0.074500,-0.384300,1.030800,-1.068100,1.373300,0.305200,458.204100,-101.677400,139.630600,0.033000,-0.137700,1.004600,-3.173800,1.983600,1.159700,191.219000,-79.631600,-76.281400,0.127400,0.578400,0.855000,-2.441400,1.434300,0.518800,-258.925800,225.822100,402.211200,0.018287
-0.664300,-0.581300,0.610600,-0.640900,2.380400,1.586900,203.846700,211.747800,-46.967200,-0.934100,-0.225100,-0.169200,-2.960200,2.471900,-0.244100,560.619400,558.756900,47.394800,-0.901400,0.410200,0.079600,-2.105700,1.434300,-0.213600,225.154400,600.675400,-301.939500,0.076400,0.500200,0.873800,0.518800,-1.068100,0.457800,301.898600,55.741000,674.397300,0.108600,-0.272500,0.960400,0.457800,0.152600,5.035400,528.769100,-100.365400,238.438100,0.070300,-0.385700,1.033200,-1.007100,1.068100,0.030500,479.851500,-116.202700,129.158400,0.024200,-0.141400,1.006100,-2.777100,1.647900,1.159700,176.787400,-79.631600,-69.346800,0.114300,0.575200,0.852800,-2.197300,1.037600,0.518800,-253.531500,241.952300,397.010200,0.018106
-0.662800,-0.584000,0.605500,-0.183100,2.166700,1.373300,207.454600,211.747800,-50.446300,-0.931400,-0.227500,-0.168200,-2.227800,1.770000,-0.152600,565.908300,553.485600,55.858100,-0.899200,0.406700,0.081100,-1.892100,1.068100,-0.274700,235.626700,614.685200,-308.686800,0.082000,0.507800,0.881100,0.091600,-1.495400,0.305200,294.753100,30.567600,667.462600,0.115000,-0.267300,0.966600,0.549300,-0.366200,4.516600,516.264400,-102.157600,243.621500,0.071800,-0.384300,1.028600,-0.793500,0.976600,-0.244100,488.871300,-114.387000,134.394500,0.024900,-0.138900,1.007100,-2.349900,1.342800,0.579800,176.787400,-72.392400,-69.346800,0.123000,0.580600,0.849600,-1.831100,0.335700,0.396700,-257.127700,234.783300,397.010200,0.018107
-0.662400,-0.579600,0.617200,-0.030500,2.044700,1.861600,212.866500,202.698700,-48.706700,-0.935500,-0.222900,-0.159900,-2.319300,1.342800,0.091600,564.145300,544.700100,54.165400,-0.899200,0.412400,0.089100,-1.861600,0.549300,-0.091600,221.663700,597.172900,-298.565900,0.095900,0.517300,0.886200,-0.213600,-1.617400,0.244100,292.966700,50.346700,679.598300,0.128200,-0.262900,0.975600,0.122100,-0.152600,4.394500,526.982700,-105.742100,233.254600,0.076900,-0.382100,1.035900,-0.549300,1.037600,-0.549300,470.831700,-99.861700,137.885300,0.032000,-0.129600,1.021700,-2.105700,1.434300,0.671400,178.591300,-99.539600,-81.482400,0.132100,0.595000,0.861600,-1.983600,0.518800,0.366200,-276.906800,240.160000,377.939900,0.018125
-0.671600,-0.584500,0.626700,-0.457800,2.197300,1.800500,202.042700,209.938000,-48.706700,-0.947800,-0.224400,-0.157700,-3.051800,2.014200,0.091600,578.249000,551.728500,47.394800,-0.902100,0.413800,0.088400,-2.105700,1.098600,-0.152600,225.154400,611.182800,-295.192300,0.093800,0.504400,0.878400,0.000000,-1.129200,0.457800,292.966700,50.346700,679.598300,0.129600,-0.268300,0.968800,0.091600,0.061000,4.852300,526.982700,-102.157600,243.621500,0.082800,-0.381300,1.043500,-0.793500,1.037600,0.061000,470.831700,-99.861700,134.394500,0.037800,-0.136200,1.018800,-3.021200,1.709000,1.159700,182.199200,-77.821800,-81.482400,0.132100,0.584000,0.854000,-2.471900,1.068100,0.610400,-260.723900,224.029900,400.477600,0.018140
-0.664100,-0.580300,0.623500,-0.762900,1.922600,1.922600,198.434800,217.177200,-45.227700,-0.946800,-0.217500,-0.158200,-3.204300,1.586900,-0.305200,553.567600,558.756900,40.624100,-0.904500,0.419900,0.084200,-2.319300,1.159700,0.030500,230.390600,598.924100,-300.252700,0.093000,0.511500,0.887900,0.885000,-0.762900,0.732400,292.966700,50.346700,679.598300,0.125500,-0.267600,0.975600,0.885000,0.244100,5.371100,510.905300,-107.534300,241.893700,0.073700,-0.385300,1.042200,-0.427200,1.220700,0.396700,490.675200,-101.677400,143.121400,0.031200,-0.138400,1.019300,-2.533000,1.892100,1.617400,178.591300,-77.821800,-74.547800,0.127700,0.586700,0.859600,-1.831100,1.556400,0.793500,-260.723900,224.029900,400.477600,0.018087
-0.673100,-0.586700,0.600800,-0.885000,2.227800,2.502400,211.062500,211.747800,-64.362500,-0.942100,-0.227800,-0.173800,-3.540000,2.288800,0.396700,574.723000,565.785300,54.165400,-0.908200,0.414100,0.080800,-2.105700,1.525900,0.213600,249.589800,607.680300,-295.192300,0.087200,0.519500,0.897700,0.091600,-0.274700,0.701900,292.966700,50.346700,679.598300,0.118200,-0.267100,0.979000,0.274700,0.213600,5.737300,518.050800,-103.949900,248.804900,0.072500,-0.385700,1.043000,-0.488300,1.373300,0.366200,481.655500,-110.755700,127.413000,0.021500,-0.136500,1.021200,-2.746600,2.319300,1.403800,176.787400,-83.251300,-72.814100,0.111800,0.591600,0.865500,-2.349900,1.709000,0.244100,-262.522000,236.575600,381.407200,0.018087
-0.650900,-0.585700,0.602100,-0.061000,3.112800,2.777100,212.866500,228.036100,-55.664800,-0.919200,-0.224900,-0.159200,-2.990700,1.739500,1.251200,564.145300,555.242700,54.165400,-0.898400,0.420200,0.086200,-1.007100,1.434300,0.701900,228.645200,611.182800,-305.313200,0.057600,0.499000,0.864500,-6.958000,4.241900,2.471900,292.966700,50.346700,679.598300,0.141100,-0.274400,0.981000,-10.162400,1.800500,10.742200,523.410000,-102.157600,243.621500,0.075200,-0.382800,1.050800,-0.274700,2.044700,-0.152600,463.615900,-103.493000,144.866800,0.017800,-0.131600,1.032000,-0.946000,-0.152600,-0.030500,187.611100,-79.631600,-72.814100,0.139600,0.601300,0.869600,-0.946000,-1.037600,0.244100,-260.723900,241.952300,403.944900,0.018109
-0.684800,-0.589400,0.619900,0.183100,2.746600,1.953100,202.042700,213.557600,-59.143900,-0.963400,-0.233200,-0.167500,-1.739500,-1.464800,-0.427200,560.619400,555.242700,47.394800,-0.913800,0.420900,0.087400,-2.166700,0.610400,-0.427200,235.626700,625.192700,-301.939500,0.097400,0.496100,0.869100,2.533000,-2.716100,-0.976600,292.966700,50.346700,679.598300,0.152100,-0.270300,0.977300,5.340600,-2.410900,3.204300,528.769100,-103.949900,231.526800,0.073200,-0.385000,1.045700,-0.579800,1.647900,-0.396700,483.459400,-105.308700,139.630600,0.000200,-0.148200,1.013700,-3.326400,3.570600,0.457800,178.591300,-81.441400,-64.145800,0.093500,0.568100,0.846700,-2.716100,1.495400,-0.671400,-257.127700,241.952300,400.477600,0.018351
-0.669400,-0.578400,0.620400,-0.030500,3.814700,2.655000,207.454600,215.367400,-67.841500,-0.960900,-0.222900,-0.162800,-2.746600,3.936800,1.495400,555.330600,546.457200,55.858100,-0.908400,0.422400,0.085200,-1.220700,1.617400,0.488300,212.936700,609.431500,-296.879100,0.081800,0.508800,0.880900,-1.312300,-0.427200,-0.183100,292.966700,50.346700,679.598300,0.128700,-0.272900,0.977800,-0.946000,0.854500,5.096400,535.914600,-103.949900,234.982500,0.075900,-0.383800,1.047900,-0.610400,2.136200,-0.122100,476.243600,-94.414700,122.176800,0.026900,-0.130900,1.028600,-2.716100,2.502400,1.281700,184.003200,-72.392400,-83.216100,0.126200,0.596400,0.865000,-2.197300,1.892100,-0.152600,-262.522000,240.160000,388.341900,0.018372
-0.677000,-0.576700,0.611300,-1.892100,4.730200,3.143300,205.650700,213.557600,-48.706700,-0.940700,-0.213400,-0.177200,-3.906200,6.195100,1.800500,553.567600,541.185900,50.780100,-0.903800,0.426000,0.076900,-0.610400,3.509500,1.983600,232.136000,604.177800,-315.434100,0.073700,0.509000,0.879900,1.159700,1.434300,-1.220700,292.966700,50.346700,679.598300,0.115700,-0.270500,0.977300,1.556400,2.990700,5.676300,523.410000,-109.326600,253.988400,0.068100,-0.383800,1.054900,-0.091600,3.906200,0.732400,497.891100,-108.940000,136.139900,0.016600,-0.135500,1.028300,-2.533000,4.943800,1.434300,189.415100,-70.582600,-60.678400,0.107700,0.598900,0.868700,-2.502400,3.631600,-1.556400,-269.714400,247.329000,381.407200,0.018294
-0.692400,-0.584000,0.601800,-2.014200,5.279500,2.899200,193.023000,208.128100,-57.404400,-0.946000,-0.213400,-0.188500,-3.326400,5.462600,1.312300,551.804600,546.457200,52.472800,-0.908400,0.438000,0.068100,0.030500,3.906200,2.075200,228.645200,611.182800,-301.939500,0.062000,0.540000,0.908000,1.739500,1.647900,-1.953100,292.966700,50.346700,679.598300,0.097400,-0.259500,1.003900,2.197300,3.479000,5.340600,523.410000,-109.326600,236.710300,0.050800,-0.379400,1.063000,-0.518800,4.791300,0.579800,476.243600,-112.571400,150.102900,-0.003900,-0.127900,1.041300,-3.051800,5.859400,1.007100,171.375500,-81.441400,-78.015100,0.090800,0.610100,0.884000,-3.082300,3.906200,-2.166700,-264.320100,234.783300,386.608200,0.018101
-0.716300,-0.595000,0.592000,-1.190200,6.225600,2.136200,200.238800,222.606600,-71.320600,-0.963100,-0.215600,-0.208300,-2.044700,6.439200,0.976600,562.382400,546.457200,42.316800,-0.916700,0.444800,0.055700,0.976600,3.662100,0.946000,225.154400,607.680300,-298.565900,0.033000,0.540300,0.906500,-0.885000,1.251200,-2.502400,291.180300,37.760000,674.397300,0.071500,-0.264200,1.006300,-0.976600,3.784200,4.608200,512.691700,-105.742100,253.988400,0.036400,-0.377700,1.062500,-1.861600,4.669200,-0.457800,478.047500,-110.755700,144.866800,-0.022500,-0.131800,1.043000,-4.211400,4.669200,-0.091600,184.003200,-83.251300,-83.216100,0.073500,0.610600,0.889400,-4.272500,2.349900,-2.319300,-255.329600,247.329000,402.211200,0.018086
-0.722200,-0.588600,0.572000,0.000000,8.087200,-1.190200,205.650700,213.557600,-62.622900,-0.951900,-0.207300,-0.228500,1.159700,7.598900,-0.701900,553.567600,558.756900,47.394800,-0.908000,0.450000,0.043500,4.272500,3.570600,-1.007100,232.136000,625.192700,-305.313200,0.016100,0.540500,0.898700,-2.471900,-0.366200,-5.432100,296.539400,35.961900,672.663600,0.061300,-0.265100,1.010000,-2.746600,4.791300,1.464800,503.759700,-96.780900,245.349300,0.025600,-0.375500,1.074200,-4.058800,6.195100,-3.479000,472.635700,-116.202700,139.630600,-0.038800,-0.129600,1.051800,-6.164600,5.096400,-3.418000,174.983400,-81.441400,-71.080400,0.052500,0.618200,0.897700,-6.561300,0.366200,-4.791300,-258.925800,229.406600,395.276600,0.018329
-0.738300,-0.586400,0.575000,0.183100,9.826700,-3.234900,205.650700,206.318300,-55.664800,-0.963100,-0.206800,-0.239000,3.112800,8.880600,-2.410900,567.671200,562.271100,50.780100,-0.920700,0.455600,0.034900,6.622300,4.669200,-2.197300,221.663700,600.675400,-291.818700,0.006300,0.562300,0.924800,-2.746600,-0.183100,-6.530800,310.830500,28.769500,665.728900,0.053200,-0.260500,1.024700,-3.509500,6.378200,0.549300,523.410000,-94.988700,243.621500,0.013700,-0.376000,1.075400,-5.889900,7.476800,-4.943800,485.263400,-99.861700,141.376000,-0.047100,-0.133300,1.054000,-8.392300,5.798300,-4.760700,182.199200,-77.821800,-81.482400,0.031500,0.615200,0.898400,-8.667000,0.244100,-5.767800,-253.531500,249.121200,397.010200,0.018331
-0.740000,-0.602300,0.552000,2.380400,11.169400,-5.493200,218.278300,222.606600,-46.967200,-0.961700,-0.210400,-0.242200,6.530800,9.368900,-2.594000,565.908300,556.999800,32.160700,-0.918700,0.460700,0.036600,9.277300,2.777100,-4.028300,242.608300,593.670400,-312.060400,-0.011000,0.549300,0.907000,-6.317100,-3.112800,-9.552000,300.112200,68.327700,672.663600,0.033700,-0.265600,1.019800,-6.835900,5.828900,-3.418000,509.118900,-98.573100,247.077100,0.006300,-0.372600,1.073200,-7.507300,7.659900,-8.117700,485.263400,-99.861700,141.376000,-0.064900,-0.131300,1.049600,-9.277300,3.845200,-9.277300,184.003200,-68.772800,-79.748800,0.020500,0.613000,0.897700,-9.765600,-4.425000,-8.026100,-275.108700,238.367800,403.944900,0.018353
-0.728500,-0.582800,0.534400,7.324200,11.535600,-10.986300,202.042700,217.177200,-41.748600,-0.937000,-0.199000,-0.247800,13.397200,6.378200,-5.188000,557.093500,551.728500,60.936100,-0.893300,0.457300,0.020800,12.390100,-1.495400,-8.667000,239.117500,607.680300,-295.192300,-0.022200,0.532000,0.879200,-9.002700,-8.422900,-11.901900,305.471300,48.548600,674.397300,0.015100,-0.259800,0.987100,-10.345500,4.150400,-9.033200,509.118900,-105.742100,222.887800,-0.007800,-0.367200,1.044900,-9.826700,5.676300,-14.160200,479.851500,-112.571400,143.121400,-0.071000,-0.136500,1.013400,-11.138900,0.671400,-14.129600,182.199200,-85.061100,-78.015100,0.014600,0.582300,0.866700,-11.566200,-9.765600,-9.307900,-251.733400,232.991100,374.472500,0.018419
-0.689900,-0.558600,0.502000,9.521500,13.702400,-11.840800,191.219000,209.938000,-48.706700,-0.893300,-0.191400,-0.253900,15.869100,7.446300,-4.241900,560.619400,555.242700,47.394800,-0.872600,0.449700,0.014600,15.380900,-2.349900,-8.178700,246.099000,604.177800,-291.818700,-0.032500,0.509800,0.851600,-8.392300,-9.491000,-14.953600,307.257700,43.154300,672.663600,0.017600,-0.256600,0.956800,-9.674100,5.462600,-11.871300,528.769100,-111.118800,241.893700,-0.008100,-0.370400,1.032200,-9.765600,7.659900,-16.662600,485.263400,-121.649700,148.357600,-0.071800,-0.139600,0.992900,-10.253900,2.777100,-17.272900,184.003200,-86.870900,-76.281400,0.005100,0.571300,0.854200,-11.291500,-10.742200,-12.970000,-258.925800,232.991100,398.743900,0.018645
-0.694300,-0.545400,0.497800,11.077900,17.547600,-11.016800,198.434800,206.318300,-52.185800,-0.887200,-0.166300,-0.264900,16.479500,13.793900,-0.549300,557.093500,551.728500,57.550800,-0.822800,0.400900,0.005400,9.796100,-3.631600,-4.394500,225.154400,590.167900,-301.939500,-0.048100,0.507800,0.841800,-7.385300,-8.758500,-19.531200,307.257700,25.173300,679.598300,0.006600,-0.247300,0.947500,-8.728000,9.491000,-14.343300,503.759700,-100.365400,221.160000,-0.014200,-0.354700,1.031500,-8.209200,12.146000,-18.859900,476.243600,-116.202700,139.630600,-0.082500,-0.134000,0.982900,-9.399400,6.561300,-20.355200,182.199200,-95.919900,-67.613100,-0.014600,0.564500,0.847200,-11.138900,-9.948700,-17.791700,-264.320100,241.952300,390.075600,0.018656
-0.700400,-0.544200,0.478800,13.000500,21.881100,-10.437000,198.434800,209.938000,-52.185800,-0.873300,-0.189900,-0.274400,20.233200,14.801000,1.037600,558.856400,560.514000,42.316800,-0.851100,0.470200,0.005900,24.932900,-3.143300,-3.051800,226.899800,591.919200,-296.879100,-0.065200,0.519500,0.836200,-6.378200,-8.483900,-23.864700,301.898600,34.163800,667.462600,-0.015900,-0.243400,0.954600,-7.873500,13.549800,-17.669700,514.478000,-103.949900,238.438100,-0.029100,-0.353000,1.029800,-7.232700,16.082800,-22.064200,481.655500,-92.599000,137.885300,-0.104500,-0.132100,0.978300,-9.338400,9.857200,-23.651100,187.611100,-83.251300,-72.814100,-0.038600,0.567400,0.839400,-11.322000,-10.040300,-22.277800,-255.329600,236.575600,384.874500,0.018662
-0.724900,-0.547600,0.480200,21.606400,26.336700,-12.085000,216.474400,206.318300,-38.269600,-0.904500,-0.174100,-0.283700,29.968300,13.977100,4.821800,555.330600,560.514000,45.702100,-0.860800,0.471700,-0.007300,30.731200,-8.087200,-3.204300,228.645200,607.680300,-301.939500,-0.081100,0.528300,0.833700,-5.493200,-14.984100,-30.761700,303.685000,28.769500,669.196300,-0.033700,-0.240000,0.958500,-7.141100,13.244600,-26.550300,518.050800,-93.196400,231.526800,-0.048800,-0.346900,1.029100,-5.920400,17.181400,-30.639600,485.263400,-121.649700,134.394500,-0.123000,-0.129900,0.973600,-6.622300,8.941700,-32.653800,185.807200,-77.821800,-81.482400,-0.047400,0.564500,0.836700,-9.582500,-17.089800,-28.656000,-266.118200,229.406600,395.276600,0.018722
-0.648700,-0.521000,0.724900,-0.457800,2.685500,1.007100,-34.275100,349.293300,168.734000,-0.947000,-0.213600,-0.079300,-2.166700,1.678500,-0.671400,327.909500,625.526600,260.671200,-0.900900,0.378700,0.183600,-1.800500,1.434300,-0.061000,136.139900,521.869600,-43.857100,0.195300,0.510500,0.859100,1.190200,-1.464800,-0.335700,-235.802400,-79.116200,735.075700,0.225800,-0.246600,0.950200,0.824000,0.335700,4.150400,326.907900,-249.121200,343.834600,0.180900,-0.362300,1.034400,-0.640900,1.464800,-0.274700,276.004800,-241.483700,218.172900,0.132600,-0.103800,1.014900,-2.594000,2.075200,0.579800,-14.431600,-133.925900,45.075400,0.224100,0.608200,0.822500,-2.288800,1.434300,-0.244100,-573.592700,224.029900,403.944900,0.018120
-0.644800,-0.522200,0.724900,-0.732400,2.990700,1.953100,-45.098800,334.814800,186.129300,-0.951900,-0.213100,-0.078100,-2.960200,3.265400,0.366200,333.198300,627.283600,255.593200,-0.902800,0.381100,0.185100,-1.464800,1.678500,0.732400,129.158400,542.884500,-50.604400,0.190700,0.509500,0.862500,1.495400,-0.762900,-0.274700,-228.656900,-82.712400,742.010400,0.218800,-0.249000,0.955800,1.373300,1.129200,4.608200,350.130900,-232.991100,342.106800,0.173800,-0.362100,1.032700,-0.366200,2.166700,0.122100,283.220600,-245.115100,228.645200,0.122600,-0.106000,1.011500,-2.838100,3.570600,0.976600,-3.607900,-144.784800,24.271400,0.213100,0.602500,0.823500,-2.197300,3.204300,-0.579800,-586.179300,225.822100,412.613300,0.018310
-0.659200,-0.525400,0.714400,-0.488300,2.380400,1.983600,-45.098800,334.814800,186.129300,-0.955600,-0.215300,-0.091600,-2.685500,1.922600,0.122100,320.857600,622.012300,243.744500,-0.907000,0.384500,0.179900,-1.770000,1.190200,0.366200,134.394500,527.123300,-45.544000,0.183300,0.520800,0.865000,1.647900,-1.251200,0.000000,-226.870500,-84.510500,743.744100,0.209700,-0.244900,0.960000,1.495400,0.579800,4.638700,319.762400,-245.536700,357.657100,0.167700,-0.361600,1.038100,-0.427200,1.495400,0.000000,290.436400,-245.115100,221.663700,0.111100,-0.103800,1.014400,-2.746600,2.960200,1.068100,-10.823700,-141.165200,20.804000,0.203100,0.605700,0.823700,-1.922600,2.624500,-0.183100,-582.583100,222.237600,402.211200,0.018287
