Round, Times, Rst_start, Rst_end, Act_start, Act_end, Tar_start, Tar_end, timestamp
30,1,1700356383263.00 ,1700356390885.00 ,1700356396787.00 ,1700356401982.00 ,1700356403006.00 ,1700356410654.00 ,1700356414169.00 
30,2,1700356414172.00 ,1700356421791.00 ,1700356425758.00 ,1700356432470.00 ,1700356433492.00 ,1700356441139.00 ,1700356444138.00 
30,3,1700356444143.00 ,1700356451782.00 ,1700356455085.00 ,1700356459711.00 ,1700356460756.00 ,1700356468397.00 ,1700356473249.00 
30,4,1700356473254.00 ,1700356480889.00 ,1700356484263.00 ,1700356488755.00 ,1700356489776.00 ,1700356497434.00 ,1700356501242.00 
30,5,1700356501247.00 ,1700356508898.00 ,1700356512514.00 ,1700356518119.00 ,1700356519168.00 ,1700356527131.00 ,1700356531226.00 
30,6,1700356531231.00 ,1700356538888.00 ,1700356542396.00 ,1700356547258.00 ,1700356548295.00 ,1700356555960.00 ,1700356559834.00 
30,7,1700356559859.00 ,1700356567591.00 ,1700356571556.00 ,1700356576693.00 ,1700356577714.00 ,1700356585454.00 ,1700356588642.00 
30,8,1700356588649.00 ,1700356596457.00 ,1700356601041.00 ,1700356605820.00 ,1700356606830.00 ,1700356614459.00 ,1700356617298.00 
30,9,1700356617303.00 ,1700356624936.00 ,1700356628608.00 ,1700356633963.00 ,1700356635006.00 ,1700356642623.00 ,1700356646162.00 
30,10,1700356646167.00 ,1700356653796.00 ,1700356658122.00 ,1700356663866.00 ,1700356664883.00 ,1700356672522.00 ,1700356704715.00 
30,11,1700356704720.00 ,1700356712344.00 ,1700356716533.00 ,1700356722389.00 ,1700356723427.00 ,1700356731071.00 ,1700356735234.00 
30,12,1700356735240.00 ,1700356742870.00 ,1700356746529.00 ,1700356752296.00 ,1700356753341.00 ,1700356760966.00 ,1700356764562.00 
30,13,1700356764567.00 ,1700356772196.00 ,1700356775822.00 ,1700356780935.00 ,1700356781956.00 ,1700356789574.00 ,1700356793826.00 
30,14,1700356793832.00 ,1700356801443.00 ,1700356804462.00 ,1700356809710.00 ,1700356810730.00 ,1700356818363.00 ,1700356822090.00 
30,15,1700356822095.00 ,1700356829725.00 ,1700356832997.00 ,1700356838397.00 ,1700356839415.00 ,1700356847058.00 ,1700356850332.00 
30,16,1700356850337.00 ,1700356857965.00 ,1700356861101.00 ,1700356866070.00 ,1700356867085.00 ,1700356874713.00 ,1700356878282.00 
30,17,1700356878287.00 ,1700356885921.00 ,1700356889833.00 ,1700356895975.00 ,1700356896992.00 ,1700356904617.00 ,1700356908327.00 
30,18,1700356908332.00 ,1700356915963.00 ,1700356919733.00 ,1700356924213.00 ,1700356925256.00 ,1700356932893.00 ,1700356937090.00 
30,19,1700356937095.00 ,1700356944734.00 ,1700356948235.00 ,1700356952367.00 ,1700356953384.00 ,1700356961032.00 ,1700356963976.00 
30,20,1700356963982.00 ,1700356971597.00 ,1700356975355.00 ,1700356981857.00 ,1700356982877.00 ,1700356990520.00 ,1700357037155.00 
30,21,1700357037159.00 ,1700357044794.00 ,1700357048991.00 ,1700357054102.00 ,1700357055125.00 ,1700357062757.00 ,1700357066907.00 
30,22,1700357066912.00 ,1700357074550.00 ,1700357077662.00 ,1700357082079.00 ,1700357083094.00 ,1700357090705.00 ,1700357093501.00 
30,23,1700357093505.00 ,1700357101124.00 ,1700357103967.00 ,1700357108586.00 ,1700357109625.00 ,1700357117253.00 ,1700357120922.00 
30,24,1700357120927.00 ,1700357128564.00 ,1700357132137.00 ,1700357136727.00 ,1700357137751.00 ,1700357145365.00 ,1700357148795.00 
30,25,1700357148799.00 ,1700357156432.00 ,1700357159138.00 ,1700357164752.00 ,1700357165799.00 ,1700357173424.00 ,1700357177079.00 
30,26,1700357177084.00 ,1700357184736.00 ,1700357187686.00 ,1700357192075.00 ,1700357193125.00 ,1700357200745.00 ,1700357203980.00 
30,27,1700357203987.00 ,1700357211610.00 ,1700357214241.00 ,1700357218393.00 ,1700357219411.00 ,1700357227044.00 ,1700357230884.00 
30,28,1700357230889.00 ,1700357238512.00 ,1700357241562.00 ,1700357246086.00 ,1700357247102.00 ,1700357254739.00 ,1700357257572.00 
30,29,1700357257577.00 ,1700357265203.00 ,1700357267999.00 ,1700357272650.00 ,1700357273671.00 ,1700357281291.00 ,1700357285369.00 
30,30,1700357317641.00 ,1700357325243.00 ,1700357328739.00 ,1700357333118.00 ,1700357334164.00 ,1700357341774.00 ,1700357344731.00 
90,1,1700357569782.00 ,1700357577373.00 ,1700357581034.00 ,1700357585413.00 ,1700357586430.00 ,1700357594071.00 ,1700357597006.00 
90,2,1700357597010.00 ,1700357604631.00 ,1700357608305.00 ,1700357612219.00 ,1700357613233.00 ,1700357620844.00 ,1700357624059.00 
90,3,1700357624064.00 ,1700357631672.00 ,1700357635042.00 ,1700357640049.00 ,1700357641066.00 ,1700357648699.00 ,1700357652124.00 
90,4,1700357652129.00 ,1700357659763.00 ,1700357663301.00 ,1700357667320.00 ,1700357668341.00 ,1700357675957.00 ,1700357679365.00 
90,5,1700357679372.00 ,1700357686989.00 ,1700357689818.00 ,1700357693572.00 ,1700357694595.00 ,1700357702230.00 ,1700357706165.00 
90,6,1700357706170.00 ,1700357713785.00 ,1700357717080.00 ,1700357721114.00 ,1700357722131.00 ,1700357729758.00 ,1700357733660.00 
90,7,1700357733665.00 ,1700357741292.00 ,1700357745906.00 ,1700357749288.00 ,1700357750336.00 ,1700357757972.00 ,1700357761933.00 
90,8,1700357761939.00 ,1700357769565.00 ,1700357773321.00 ,1700357776808.00 ,1700357777828.00 ,1700357785428.00 ,1700357789068.00 
90,9,1700357789073.00 ,1700357796696.00 ,1700357800228.00 ,1700357804721.00 ,1700357805744.00 ,1700357813384.00 ,1700357816852.00 
90,10,1700357816856.00 ,1700357824476.00 ,1700357828323.00 ,1700357832720.00 ,1700357833739.00 ,1700357841362.00 ,1700357849451.00 
90,11,1700357849456.00 ,1700357857096.00 ,1700357860951.00 ,1700357864704.00 ,1700357865754.00 ,1700357873398.00 ,1700357877597.00 
90,12,1700357877602.00 ,1700357885227.00 ,1700357890091.00 ,1700357893985.00 ,1700357895035.00 ,1700357902673.00 ,1700357906073.00 
90,13,1700357906078.00 ,1700357913704.00 ,1700357917514.00 ,1700357921633.00 ,1700357922648.00 ,1700357930288.00 ,1700357934532.00 
90,14,1700357934537.00 ,1700357942161.00 ,1700357945395.00 ,1700357949399.00 ,1700357950419.00 ,1700357958051.00 ,1700357961644.00 
90,15,1700357961650.00 ,1700357969260.00 ,1700357972634.00 ,1700357976495.00 ,1700357977514.00 ,1700357985151.00 ,1700357988245.00 
90,16,1700357988250.00 ,1700357995851.00 ,1700357999530.00 ,1700358003159.00 ,1700358004178.00 ,1700358011811.00 ,1700358015189.00 
90,17,1700358015194.00 ,1700358022821.00 ,1700358026790.00 ,1700358031185.00 ,1700358032207.00 ,1700358039850.00 ,1700358043557.00 
90,18,1700358043562.00 ,1700358051178.00 ,1700358054120.00 ,1700358058605.00 ,1700358059623.00 ,1700358067260.00 ,1700358070668.00 
90,19,1700358070673.00 ,1700358078303.00 ,1700358081909.00 ,1700358085293.00 ,1700358086338.00 ,1700358093970.00 ,1700358097237.00 
90,20,1700358097245.00 ,1700358104858.00 ,1700358108311.00 ,1700358111701.00 ,1700358112749.00 ,1700358120366.00 ,1700358168614.00 
90,21,1700358168619.00 ,1700358176261.00 ,1700358179531.00 ,1700358182556.00 ,1700358183567.00 ,1700358191187.00 ,1700358194317.00 
90,22,1700358194323.00 ,1700358201941.00 ,1700358205678.00 ,1700358209964.00 ,1700358211012.00 ,1700358218626.00 ,1700358237600.00 
90,23,1700358237605.00 ,1700358245228.00 ,1700358249228.00 ,1700358253113.00 ,1700358254134.00 ,1700358261772.00 ,1700358265106.00 
90,24,1700358265131.00 ,1700358272760.00 ,1700358276601.00 ,1700358279976.00 ,1700358280986.00 ,1700358288616.00 ,1700358291887.00 
90,25,1700358291892.00 ,1700358299513.00 ,1700358303163.00 ,1700358307558.00 ,1700358308579.00 ,1700358316200.00 ,1700358319662.00 
90,26,1700358319666.00 ,1700358327304.00 ,1700358330211.00 ,1700358334213.00 ,1700358335225.00 ,1700358342858.00 ,1700358346597.00 
90,27,1700358346602.00 ,1700358354222.00 ,1700358358218.00 ,1700358363233.00 ,1700358364253.00 ,1700358371882.00 ,1700358375471.00 
90,28,1700358375476.00 ,1700358383087.00 ,1700358387392.00 ,1700358392017.00 ,1700358393034.00 ,1700358400678.00 ,1700358403549.00 
90,29,1700358403554.00 ,1700358411185.00 ,1700358414812.00 ,1700358418166.00 ,1700358419183.00 ,1700358426802.00 ,1700358430359.00 
90,30,1700358430364.00 ,1700358437988.00 ,1700358442074.00 ,1700358445721.00 ,1700358446737.00 ,1700358454382.00 ,1700358457323.00 
180,1,1700358600080.00 ,1700358607706.00 ,1700358610762.00 ,1700358613652.00 ,1700358614670.00 ,1700358622307.00 ,1700358626638.00 
180,2,1700358626643.00 ,1700358634276.00 ,1700358637148.00 ,1700358640559.00 ,1700358641577.00 ,1700358649208.00 ,1700358654109.00 
180,3,1700358654114.00 ,1700358661749.00 ,1700358665066.00 ,1700358669102.00 ,1700358670119.00 ,1700358677734.00 ,1700358680727.00 
180,4,1700358680732.00 ,1700358688361.00 ,1700358692484.00 ,1700358696025.00 ,1700358697041.00 ,1700358704668.00 ,1700358708630.00 
180,5,1700358708635.00 ,1700358716286.00 ,1700358719145.00 ,1700358722189.00 ,1700358723210.00 ,1700358730841.00 ,1700358734038.00 
180,6,1700358734042.00 ,1700358741675.00 ,1700358745827.00 ,1700358750336.00 ,1700358751352.00 ,1700358758993.00 ,1700358762910.00 
180,7,1700358762916.00 ,1700358770534.00 ,1700358773335.00 ,1700358776977.00 ,1700358777994.00 ,1700358785617.00 ,1700358789381.00 
180,8,1700358789386.00 ,1700358797022.00 ,1700358800239.00 ,1700358803874.00 ,1700358804894.00 ,1700358812497.00 ,1700358815724.00 
180,9,1700358815728.00 ,1700358823354.00 ,1700358826940.00 ,1700358830482.00 ,1700358831503.00 ,1700358839131.00 ,1700358843381.00 
180,10,1700358843388.00 ,1700358851013.00 ,1700358854340.00 ,1700358857355.00 ,1700358858376.00 ,1700358865999.00 ,1700358871572.00 
180,11,1700358871577.00 ,1700358879201.00 ,1700358883313.00 ,1700358886355.00 ,1700358887372.00 ,1700358894999.00 ,1700358898783.00 
180,12,1700358898788.00 ,1700358906410.00 ,1700358909368.00 ,1700358913512.00 ,1700358914532.00 ,1700358922173.00 ,1700358925463.00 
180,13,1700358925469.00 ,1700358933108.00 ,1700358936411.00 ,1700358939930.00 ,1700358940948.00 ,1700358948572.00 ,1700358952718.00 
180,14,1700358952723.00 ,1700358960348.00 ,1700358964707.00 ,1700358968853.00 ,1700358969874.00 ,1700358977514.00 ,1700358980854.00 
180,15,1700358980859.00 ,1700358988497.00 ,1700358991890.00 ,1700358995669.00 ,1700358996687.00 ,1700359004320.00 ,1700359007935.00 
180,16,1700359007941.00 ,1700359015563.00 ,1700359018447.00 ,1700359021618.00 ,1700359022637.00 ,1700359030253.00 ,1700359033958.00 
180,17,1700359033963.00 ,1700359041593.00 ,1700359044766.00 ,1700359048665.00 ,1700359049678.00 ,1700359057310.00 ,1700359062079.00 
180,18,1700359062084.00 ,1700359069718.00 ,1700359073432.00 ,1700359076229.00 ,1700359077248.00 ,1700359084854.00 ,1700359089488.00 
180,19,1700359089492.00 ,1700359097107.00 ,1700359100981.00 ,1700359103399.00 ,1700359104412.00 ,1700359112052.00 ,1700359116031.00 
180,20,1700359116035.00 ,1700359123667.00 ,1700359126704.00 ,1700359129624.00 ,1700359130637.00 ,1700359138268.00 ,1700359150537.00 
180,21,1700359150543.00 ,1700359158166.00 ,1700359161003.00 ,1700359164264.00 ,1700359165283.00 ,1700359172920.00 ,1700359176758.00 
180,22,1700359176763.00 ,1700359184413.00 ,1700359187188.00 ,1700359190350.00 ,1700359191363.00 ,1700359198997.00 ,1700359202296.00 
180,23,1700359202301.00 ,1700359209940.00 ,1700359213236.00 ,1700359216887.00 ,1700359217901.00 ,1700359225522.00 ,1700359228599.00 
180,24,1700359228604.00 ,1700359236221.00 ,1700359240281.00 ,1700359243915.00 ,1700359244930.00 ,1700359252567.00 ,1700359255760.00 
180,25,1700359255764.00 ,1700359263384.00 ,1700359266169.00 ,1700359269443.00 ,1700359270458.00 ,1700359278092.00 ,1700359281302.00 
180,26,1700359281307.00 ,1700359288945.00 ,1700359292167.00 ,1700359296557.00 ,1700359297579.00 ,1700359305197.00 ,1700359308647.00 
180,27,1700359308653.00 ,1700359316279.00 ,1700359319384.00 ,1700359323789.00 ,1700359324843.00 ,1700359332473.00 ,1700359335506.00 
180,28,1700359335511.00 ,1700359343139.00 ,1700359346041.00 ,1700359349306.00 ,1700359350321.00 ,1700359357945.00 ,1700359360457.00 
180,29,1700359360464.00 ,1700359368097.00 ,1700359371712.00 ,1700359374500.00 ,1700359375522.00 ,1700359383147.00 ,1700359386215.00 
180,30,1700359386220.00 ,1700359393855.00 ,1700359396771.00 ,1700359400415.00 ,1700359401440.00 ,1700359409066.00 ,1700359411953.00 
